date,date,marketcap,pricetobook,pricetoearnings,dividendyield,earningsyield,one_yr_monthly_beta
06/08/2019,06/08/2019,9.06E+11,9.3978,16.2756,0.018731,0.061442,1.144517306
05/08/2019,05/08/2019,8.90E+11,9.2232,15.9733,0.019086,0.062605,1.144517306
02/08/2019,02/08/2019,9.39E+11,9.7327,16.8556,0.018086,0.059327,1.144517306
01/08/2019,01/08/2019,9.59E+11,9.943,17.22,0.017704,0.058072,1.144517306
31/07/2019,31/07/2019,9.80E+11,10.163,17.6008,0.017321,0.056816,1.3926
30/07/2019,30/07/2019,9.61E+11,9.9597,17.2489,0.017674,0.057975,1.3855
29/07/2019,29/07/2019,9.65E+11,10.0027,17.3232,0.017598,0.057726,1.3855
26/07/2019,26/07/2019,9.56E+11,9.9101,17.163,0.017763,0.058265,1.3855
25/07/2019,25/07/2019,9.53E+11,9.8758,17.1035,0.017824,0.058468,1.3855
24/07/2019,24/07/2019,9.60E+11,9.9545,17.2398,0.017683,0.058005,1.3855
23/07/2019,23/07/2019,9.61E+11,9.9626,17.2538,0.017669,0.057958,1.3855
22/07/2019,22/07/2019,9.53E+11,9.8853,17.12,0.017807,0.058411,1.3855
19/07/2019,19/07/2019,9.32E+11,9.6644,16.7375,0.018214,0.059746,1.3855
18/07/2019,18/07/2019,9.46E+11,9.8109,16.9911,0.017942,0.058854,1.3855
17/07/2019,17/07/2019,9.36E+11,9.7007,16.8003,0.018146,0.059523,1.3855
16/07/2019,16/07/2019,9.41E+11,9.7556,16.8953,0.018044,0.059188,1.3855
15/07/2019,15/07/2019,9.44E+11,9.7894,16.9539,0.017982,0.058983,1.3855
12/07/2019,12/07/2019,9.35E+11,9.6983,16.7961,0.018151,0.059538,1.3855
11/07/2019,11/07/2019,9.28E+11,9.6244,16.6681,0.01829,0.059995,1.3855
10/07/2019,10/07/2019,9.35E+11,9.695,16.7903,0.018157,0.059558,1.3855
09/07/2019,09/07/2019,9.26E+11,9.6,16.6259,0.018336,0.060147,1.3855
08/07/2019,08/07/2019,9.20E+11,9.5418,16.5251,0.018448,0.060514,1.3855
05/07/2019,05/07/2019,9.40E+11,9.7427,16.873,0.018068,0.059266,1.3855
03/07/2019,03/07/2019,9.41E+11,9.7513,16.8878,0.018052,0.059214,1.3855
02/07/2019,02/07/2019,9.33E+11,9.6711,16.749,0.018202,0.059705,1.3855
01/07/2019,01/07/2019,9.27E+11,9.6148,16.6516,0.018308,0.060054,1.3855
28/06/2019,28/06/2019,9.30E+11,8.7885,16.2734,0.018644,0.06145,1.3855
27/06/2019,27/06/2019,9.39E+11,8.8693,16.4231,0.018474,0.06089,1.3553
26/06/2019,26/06/2019,9.39E+11,8.872,16.428,0.018468,0.060872,1.3553
25/06/2019,25/06/2019,9.19E+11,8.6842,16.0802,0.018868,0.062188,1.3553
24/06/2019,24/06/2019,9.33E+11,8.8178,16.3277,0.018582,0.061246,1.3553
21/06/2019,21/06/2019,9.34E+11,8.8267,16.3441,0.018563,0.061184,1.3553
20/06/2019,20/06/2019,9.38E+11,8.8569,16.4,0.0185,0.060975,1.3553
19/06/2019,19/06/2019,9.30E+11,8.7863,16.2693,0.018649,0.061465,1.3553
18/06/2019,18/06/2019,9.33E+11,8.812,16.317,0.018594,0.061286,1.3553
17/06/2019,17/06/2019,9.11E+11,8.6096,15.9421,0.019031,0.062727,1.3553
14/06/2019,14/06/2019,9.06E+11,8.5585,15.8475,0.019145,0.063101,1.3553
13/06/2019,13/06/2019,9.13E+11,8.6211,15.9634,0.019006,0.062643,1.3553
12/06/2019,12/06/2019,9.13E+11,8.6229,15.9667,0.019002,0.06263,1.3553
11/06/2019,11/06/2019,9.16E+11,8.6504,16.0177,0.018942,0.062431,1.3553
10/06/2019,10/06/2019,9.05E+11,8.5514,15.8344,0.019161,0.063154,1.3553
07/06/2019,07/06/2019,8.94E+11,8.4435,15.6346,0.019406,0.063961,1.3553
06/06/2019,06/06/2019,8.71E+11,8.2246,15.2292,0.019922,0.065663,1.3553
05/06/2019,05/06/2019,8.58E+11,8.1056,15.0088,0.020215,0.066627,1.3553
04/06/2019,04/06/2019,8.44E+11,7.9768,14.7704,0.020541,0.067703,1.3553
03/06/2019,03/06/2019,8.15E+11,7.6953,14.2491,0.021293,0.07018,1.3553
31/05/2019,31/05/2019,8.23E+11,7.7739,14.3946,0.021077,0.06947,1.3553
30/05/2019,30/05/2019,8.38E+11,7.9173,14.6602,0.020695,0.068212,1.3553
29/05/2019,29/05/2019,8.34E+11,7.8764,14.5846,0.020803,0.068566,1.2003
28/05/2019,28/05/2019,8.38E+11,7.9142,14.6545,0.020704,0.068239,1.2003
24/05/2019,24/05/2019,8.41E+11,7.947,14.7153,0.020618,0.067956,1.2003
23/05/2019,23/05/2019,8.45E+11,7.9777,14.772,0.020539,0.067695,1.2003
22/05/2019,22/05/2019,8.59E+11,8.1162,15.0286,0.020188,0.06654,1.2003
21/05/2019,21/05/2019,8.77E+11,8.2859,15.3427,0.019775,0.065178,1.2003
20/05/2019,20/05/2019,8.61E+11,8.13,15.0541,0.020154,0.066427,1.2003
17/05/2019,17/05/2019,8.88E+11,8.3924,15.54,0.019524,0.06435,1.2003
16/05/2019,16/05/2019,8.93E+11,8.4404,15.6288,0.019413,0.063984,1.2003
15/05/2019,15/05/2019,8.97E+11,8.4777,15.6979,0.019327,0.063703,1.2003
14/05/2019,14/05/2019,8.87E+11,8.3773,15.512,0.019559,0.064466,1.2003
13/05/2019,13/05/2019,8.73E+11,8.2468,15.2703,0.019869,0.065487,1.2003
10/05/2019,10/05/2019,9.27E+11,8.7557,16.2126,0.018714,0.06168,1.2003
09/05/2019,09/05/2019,9.40E+11,8.8787,16.4403,0.017754,0.060826,1.2003
08/05/2019,08/05/2019,9.50E+11,8.9751,16.6189,0.017564,0.060172,1.2003
07/05/2019,07/05/2019,9.50E+11,8.9733,16.6156,0.017567,0.060184,1.2003
06/05/2019,06/05/2019,9.76E+11,9.2219,17.0759,0.017094,0.058562,1.2003
03/05/2019,03/05/2019,9.92E+11,9.3666,17.3438,0.01683,0.057658,1.2003
02/05/2019,02/05/2019,9.79E+11,9.2515,17.1308,0.017039,0.058374,1.2003
01/05/2019,01/05/2019,9.86E+11,9.3121,17.243,0.016928,0.057994,1.2003
30/04/2019,30/04/2019,9.40E+11,8.8764,16.4362,0.017759,0.060841,1.2003
29/04/2019,29/04/2019,9.58E+11,9.0507,16.759,0.017417,0.05967,1.2003
26/04/2019,26/04/2019,9.57E+11,9.037,16.7336,0.017443,0.05976,1.2003
25/04/2019,25/04/2019,9.61E+11,9.0804,16.8138,0.01736,0.059475,1.2472
24/04/2019,24/04/2019,9.70E+11,9.1635,16.9678,0.017203,0.058935,1.2472
23/04/2019,23/04/2019,9.72E+11,9.1777,16.994,0.017176,0.058844,1.2472
22/04/2019,22/04/2019,9.58E+11,9.0472,16.7524,0.017424,0.059693,1.2472
18/04/2019,18/04/2019,9.55E+11,9.0175,16.6975,0.017481,0.059889,1.2472
17/04/2019,17/04/2019,9.51E+11,8.9853,16.6377,0.017544,0.060104,1.2472
16/04/2019,16/04/2019,9.33E+11,8.8136,16.3199,0.017885,0.061275,1.2472
15/04/2019,15/04/2019,9.33E+11,8.8127,16.3183,0.017887,0.061281,1.2472
12/04/2019,12/04/2019,9.31E+11,8.7968,16.2888,0.01792,0.061392,1.2472
11/04/2019,11/04/2019,9.32E+11,8.8004,16.2954,0.017912,0.061367,1.2472
10/04/2019,10/04/2019,9.39E+11,8.8742,16.4321,0.017763,0.060856,1.2472
09/04/2019,09/04/2019,9.34E+11,8.8247,16.3404,0.017863,0.061198,1.2472
08/04/2019,08/04/2019,9.37E+11,8.8512,16.3896,0.017809,0.061014,1.2472
05/04/2019,05/04/2019,9.22E+11,8.7141,16.1356,0.01809,0.061975,1.2472
04/04/2019,04/04/2019,9.16E+11,8.6562,16.0283,0.018211,0.062389,1.2472
03/04/2019,03/04/2019,9.15E+11,8.6411,16.0005,0.018242,0.062498,1.2472
02/04/2019,02/04/2019,9.09E+11,8.5823,15.8916,0.018368,0.062926,1.2472
01/04/2019,01/04/2019,8.96E+11,8.4593,15.6639,0.018635,0.063841,1.2472
29/03/2019,29/03/2019,9.03E+11,7.6613,15.1975,0.018761,0.0658,1.2472
28/03/2019,28/03/2019,8.97E+11,7.6116,15.0991,0.018883,0.066229,1.2472
27/03/2019,27/03/2019,8.96E+11,7.6016,15.0791,0.018908,0.066317,1.2472
26/03/2019,26/03/2019,8.88E+11,7.5338,14.9446,0.019078,0.066914,1.0178
25/03/2019,25/03/2019,8.97E+11,7.6125,15.1007,0.018881,0.066222,1.0178
22/03/2019,22/03/2019,9.08E+11,7.7056,15.2855,0.018653,0.065422,1.0178
21/03/2019,21/03/2019,9.28E+11,7.8686,15.6087,0.018267,0.064067,1.0178
20/03/2019,20/03/2019,8.95E+11,7.5891,15.0543,0.01894,0.066426,1.0178
19/03/2019,19/03/2019,8.87E+11,7.5233,14.9238,0.019105,0.067007,1.0178
18/03/2019,18/03/2019,8.94E+11,7.5834,15.0431,0.018954,0.066476,1.0178
15/03/2019,15/03/2019,8.85E+11,7.5068,14.891,0.019147,0.067154,1.0178
14/03/2019,14/03/2019,8.74E+11,7.4104,14.6998,0.019396,0.068028,1.0178
13/03/2019,13/03/2019,8.64E+11,7.3289,14.5382,0.019612,0.068784,1.0178
12/03/2019,12/03/2019,8.60E+11,7.2966,14.4742,0.019699,0.069088,1.0178
11/03/2019,11/03/2019,8.51E+11,7.2156,14.3134,0.01992,0.069865,1.0178
08/03/2019,08/03/2019,8.22E+11,6.974,13.8341,0.02061,0.072285,1.0178
07/03/2019,07/03/2019,8.20E+11,6.9574,13.8013,0.020659,0.072457,1.0178
06/03/2019,06/03/2019,8.30E+11,7.0389,13.963,0.02042,0.071618,1.0178
05/03/2019,05/03/2019,8.35E+11,7.0797,14.0438,0.020302,0.071206,1.0178
04/03/2019,04/03/2019,8.36E+11,7.0926,14.0694,0.020265,0.071076,1.0178
01/03/2019,01/03/2019,8.32E+11,7.0571,13.999,0.020367,0.071434,1.0178
28/02/2019,28/02/2019,8.23E+11,6.9837,13.8533,0.020581,0.072185,1.0178
27/02/2019,27/02/2019,8.31E+11,7.053,13.991,0.020379,0.071475,1.0178
26/02/2019,26/02/2019,8.29E+11,7.0313,13.9478,0.020442,0.071696,1.0178
25/02/2019,25/02/2019,8.28E+11,7.0272,13.9398,0.020454,0.071737,1.0178
22/02/2019,22/02/2019,8.22E+11,6.9764,13.8389,0.020603,0.07226,0.8567
21/02/2019,21/02/2019,8.13E+11,6.8994,13.6861,0.020833,0.073067,0.8567
20/02/2019,20/02/2019,8.18E+11,6.9385,13.7637,0.020715,0.072655,0.8567
19/02/2019,19/02/2019,8.13E+11,6.8941,13.6757,0.020849,0.073122,0.8567
15/02/2019,15/02/2019,8.10E+11,6.8736,13.6349,0.020911,0.073341,0.8567
14/02/2019,14/02/2019,8.12E+11,6.8889,13.6653,0.020865,0.073178,0.8567
13/02/2019,13/02/2019,8.09E+11,6.8639,13.6157,0.020941,0.073445,0.8567
12/02/2019,12/02/2019,8.13E+11,6.8925,13.6725,0.020854,0.073139,0.8567
11/02/2019,11/02/2019,8.06E+11,6.8336,13.5557,0.021033,0.07377,0.8567
08/02/2019,08/02/2019,8.10E+11,6.8732,13.6341,0.020912,0.073345,0.8567
07/02/2019,07/02/2019,8.09E+11,6.8651,13.6181,0.020347,0.073432,0.8567
06/02/2019,06/02/2019,8.25E+11,6.9976,13.881,0.019962,0.072041,0.8567
05/02/2019,05/02/2019,8.25E+11,6.9952,13.8762,0.019969,0.072066,0.8567
04/02/2019,04/02/2019,8.11E+11,6.8775,13.6428,0.02031,0.073299,0.8567
01/02/2019,01/02/2019,7.88E+11,6.6876,13.266,0.020887,0.075381,0.8567
31/01/2019,31/01/2019,7.88E+11,6.6844,13.2596,0.020897,0.075417,0.8567
30/01/2019,30/01/2019,7.82E+11,6.6366,13.1648,0.021048,0.07596,0.8567
29/01/2019,29/01/2019,7.32E+11,6.2121,12.3227,0.022486,0.081151,0.8567
28/01/2019,28/01/2019,7.40E+11,6.2771,12.4518,0.022253,0.08031,0.8567
25/01/2019,25/01/2019,7.47E+11,6.3358,12.5681,0.022047,0.079566,0.8567
24/01/2019,24/01/2019,7.23E+11,6.1326,12.165,0.022778,0.082203,0.8803
23/01/2019,23/01/2019,7.29E+11,6.1815,12.2622,0.022597,0.081551,0.8803
22/01/2019,22/01/2019,7.26E+11,6.1566,12.2128,0.022688,0.081881,0.8803
18/01/2019,18/01/2019,7.42E+11,6.298,12.4932,0.022179,0.080043,0.8803
17/01/2019,17/01/2019,7.38E+11,6.2595,12.4168,0.022316,0.080536,0.8803
16/01/2019,16/01/2019,7.34E+11,6.2225,12.3435,0.022448,0.081015,0.8803
15/01/2019,15/01/2019,7.25E+11,6.1474,12.1945,0.022723,0.082004,0.8803
14/01/2019,14/01/2019,7.10E+11,6.0241,11.9499,0.023188,0.083683,0.8803
11/01/2019,11/01/2019,7.21E+11,6.1161,12.1323,0.022839,0.082424,0.8803
10/01/2019,10/01/2019,7.28E+11,6.1767,12.2526,0.022615,0.081615,0.8803
09/01/2019,09/01/2019,7.26E+11,6.157,12.2136,0.022687,0.081876,0.8803
08/01/2019,08/01/2019,7.14E+11,6.0542,12.0097,0.023072,0.083266,0.8803
07/01/2019,07/01/2019,7.00E+11,5.941,11.785,0.023512,0.084854,0.8803
04/01/2019,04/01/2019,7.02E+11,5.9542,11.8113,0.02346,0.084665,0.8803
03/01/2019,03/01/2019,6.73E+11,5.7105,11.3277,0.024461,0.088279,0.8803
02/01/2019,02/01/2019,7.48E+11,6.3422,12.5809,0.022025,0.079486,0.8803
31/12/2018,31/12/2018,7.47E+11,6.335,12.5665,0.02205,0.079576,0.8803
28/12/2018,28/12/2018,7.75E+11,7.2316,13.0159,0.022263,0.076829,0.8803
27/12/2018,27/12/2018,7.74E+11,7.2279,13.0092,0.022274,0.076869,0.8803
26/12/2018,26/12/2018,7.80E+11,7.2751,13.0942,0.02213,0.07637,0.8803
24/12/2018,24/12/2018,7.28E+11,6.7965,12.2327,0.023688,0.081748,0.8803
21/12/2018,21/12/2018,7.48E+11,6.977,12.5576,0.023075,0.079633,0.8803
20/12/2018,20/12/2018,7.78E+11,7.2594,13.0658,0.022178,0.076535,0.8803
19/12/2018,19/12/2018,7.98E+11,7.4473,13.4041,0.021618,0.074604,0.5345
18/12/2018,18/12/2018,8.24E+11,7.6871,13.8357,0.020944,0.072277,0.5345
17/12/2018,17/12/2018,8.13E+11,7.5885,13.6582,0.021216,0.073216,0.5345
14/12/2018,14/12/2018,8.21E+11,7.6598,13.7865,0.021018,0.072535,0.5345
13/12/2018,13/12/2018,8.48E+11,7.913,14.2422,0.020346,0.070214,0.5345
12/12/2018,12/12/2018,8.39E+11,7.8274,14.0881,0.020569,0.070982,0.5345
11/12/2018,11/12/2018,8.36E+11,7.8056,14.0489,0.020626,0.07118,0.5345
10/12/2018,10/12/2018,8.41E+11,7.8505,14.1297,0.020508,0.070773,0.5345
07/12/2018,07/12/2018,8.36E+11,7.7991,14.0373,0.020643,0.071239,0.5345
06/12/2018,06/12/2018,8.67E+11,8.0875,14.5563,0.019907,0.068699,0.5345
04/12/2018,04/12/2018,8.76E+11,8.1787,14.7204,0.019685,0.067933,0.5345
03/12/2018,03/12/2018,9.17E+11,8.555,15.3978,0.018819,0.064945,0.5345
30/11/2018,30/11/2018,8.86E+11,8.2662,14.8779,0.019477,0.067214,0.5345
29/11/2018,29/11/2018,8.91E+11,8.3111,14.9587,0.019371,0.066851,0.5345
28/11/2018,28/11/2018,8.97E+11,8.3754,15.0745,0.019223,0.066337,0.5345
27/11/2018,27/11/2018,8.64E+11,8.0653,14.5163,0.019962,0.068888,0.5345
26/11/2018,26/11/2018,8.66E+11,8.0829,14.548,0.019918,0.068738,0.5345
23/11/2018,23/11/2018,8.54E+11,7.975,14.3539,0.020188,0.069668,0.5345
21/11/2018,21/11/2018,8.77E+11,8.1829,14.7279,0.019675,0.067898,0.5345
20/11/2018,20/11/2018,8.78E+11,8.1921,14.7446,0.019653,0.067821,0.5345
19/11/2018,19/11/2018,9.22E+11,8.6032,15.4844,0.018714,0.064581,0.5345
16/11/2018,16/11/2018,9.60E+11,8.9582,16.1234,0.017972,0.062022,0.814
15/11/2018,15/11/2018,9.49E+11,8.8601,15.9468,0.018171,0.062709,0.814
14/11/2018,14/11/2018,9.26E+11,8.6467,15.5627,0.01862,0.064256,0.814
13/11/2018,13/11/2018,9.53E+11,8.898,16.0151,0.018094,0.062441,0.814
12/11/2018,12/11/2018,9.63E+11,8.9878,16.1767,0.017913,0.061817,0.814
09/11/2018,09/11/2018,1.01E+12,9.4646,17.0348,0.017011,0.058703,0.814
08/11/2018,08/11/2018,1.03E+12,9.6507,17.3698,0.016683,0.057571,0.814
07/11/2018,07/11/2018,1.04E+12,9.6844,17.4306,0.013107,0.05737,0.814
06/11/2018,06/11/2018,1.01E+12,9.3994,16.9175,0.013504,0.05911,0.814
05/11/2018,05/11/2018,9.96E+11,9.2988,16.7365,0.01365,0.05975,0.814
02/11/2018,02/11/2018,1.03E+12,9.5705,17.2255,0.013263,0.058053,0.814
01/11/2018,01/11/2018,1.10E+12,10.2504,18.4493,0.012383,0.054203,0.814
31/10/2018,31/10/2018,1.08E+12,10.0954,18.1703,0.012573,0.055035,0.814
30/10/2018,30/10/2018,1.05E+12,9.839,17.7087,0.012901,0.056469,0.814
29/10/2018,29/10/2018,1.05E+12,9.7901,17.6207,0.012965,0.056751,0.814
26/10/2018,26/10/2018,1.07E+12,9.9774,17.9578,0.012722,0.055686,0.814
25/10/2018,25/10/2018,1.09E+12,10.1388,18.2483,0.012519,0.054799,0.814
24/10/2018,24/10/2018,1.06E+12,9.9215,17.8573,0.012793,0.055999,0.814
23/10/2018,23/10/2018,1.10E+12,10.274,18.4916,0.012355,0.054079,0.814
22/10/2018,22/10/2018,1.09E+12,10.178,18.3189,0.012471,0.054588,0.814
19/10/2018,19/10/2018,1.08E+12,10.1162,18.2077,0.012547,0.054922,0.814
18/10/2018,18/10/2018,1.07E+12,9.9644,17.9345,0.012738,0.055758,0.814
17/10/2018,17/10/2018,1.09E+12,10.2029,18.3637,0.012441,0.054455,0.6712
16/10/2018,16/10/2018,1.10E+12,10.2472,18.4434,0.012387,0.05422,0.6712
15/10/2018,15/10/2018,1.07E+12,10.0263,18.0458,0.01266,0.055415,0.6712
12/10/2018,12/10/2018,1.10E+12,10.2454,18.4401,0.012389,0.05423,0.6712
11/10/2018,11/10/2018,1.06E+12,9.892,17.8042,0.012832,0.056167,0.6712
10/10/2018,10/10/2018,1.07E+12,9.9801,17.9627,0.012718,0.055671,0.6712
09/10/2018,09/10/2018,1.12E+12,10.4649,18.8353,0.012129,0.053092,0.6712
08/10/2018,08/10/2018,1.11E+12,10.3219,18.5779,0.012297,0.053827,0.6712
05/10/2018,05/10/2018,1.11E+12,10.3459,18.6211,0.012269,0.053702,0.6712
04/10/2018,04/10/2018,1.13E+12,10.5166,18.9283,0.01207,0.052831,0.6712
03/10/2018,03/10/2018,1.15E+12,10.7048,19.267,0.011857,0.051902,0.6712
02/10/2018,02/10/2018,1.13E+12,10.5761,19.0354,0.012002,0.052534,0.6712
01/10/2018,01/10/2018,1.12E+12,10.4829,18.8677,0.012108,0.053001,0.6712
28/09/2018,28/09/2018,1.10E+12,9.5634,19.5884,0.01219,0.051051,0.6712
27/09/2018,27/09/2018,1.10E+12,9.5299,19.5198,0.012233,0.05123,0.6712
26/09/2018,26/09/2018,1.07E+12,9.338,19.1267,0.012484,0.052283,0.6712
25/09/2018,25/09/2018,1.08E+12,9.413,19.2803,0.012385,0.051866,0.6712
24/09/2018,24/09/2018,1.08E+12,9.3537,19.1588,0.012463,0.052195,0.6712
21/09/2018,21/09/2018,1.06E+12,9.2211,18.8872,0.012642,0.052946,0.6712
20/09/2018,20/09/2018,1.07E+12,9.3215,19.0929,0.012506,0.052376,0.6712
19/09/2018,19/09/2018,1.06E+12,9.2511,18.9489,0.012601,0.052774,0.6712
18/09/2018,18/09/2018,1.06E+12,9.2456,18.9376,0.012609,0.052805,0.6712
17/09/2018,17/09/2018,1.06E+12,9.2304,18.9063,0.01263,0.052892,0.4864
14/09/2018,14/09/2018,1.09E+12,9.4829,19.4235,0.012293,0.051484,0.4864
13/09/2018,13/09/2018,1.10E+12,9.5918,19.6465,0.012154,0.0509,0.4864
12/09/2018,12/09/2018,1.08E+12,9.3655,19.1831,0.012447,0.052129,0.4864
11/09/2018,11/09/2018,1.09E+12,9.4833,19.4244,0.012293,0.051482,0.4864
10/09/2018,10/09/2018,1.06E+12,9.2494,18.9454,0.012604,0.052783,0.4864
07/09/2018,07/09/2018,1.08E+12,9.3753,19.2031,0.012434,0.052075,0.4864
06/09/2018,06/09/2018,1.09E+12,9.4515,19.3593,0.012334,0.051655,0.4864
05/09/2018,05/09/2018,1.10E+12,9.6112,19.6864,0.012129,0.050796,0.4864
04/09/2018,04/09/2018,1.11E+12,9.6744,19.8157,0.01205,0.050465,0.4864
31/08/2018,31/08/2018,1.11E+12,9.6434,19.7524,0.012089,0.050627,0.4864
30/08/2018,30/08/2018,1.10E+12,9.5333,19.5268,0.012228,0.051212,0.4864
29/08/2018,29/08/2018,1.09E+12,9.4464,19.3489,0.012341,0.051683,0.4864
28/08/2018,28/08/2018,1.07E+12,9.3075,19.0643,0.012525,0.052454,0.4864
27/08/2018,27/08/2018,1.06E+12,9.2329,18.9115,0.012626,0.052878,0.4864
24/08/2018,24/08/2018,1.05E+12,9.1575,18.7571,0.01273,0.053313,0.4864
23/08/2018,23/08/2018,1.05E+12,9.1291,18.6989,0.01277,0.053479,0.4864
22/08/2018,22/08/2018,1.05E+12,9.1105,18.6608,0.012796,0.053588,0.4864
21/08/2018,21/08/2018,1.05E+12,9.1101,18.6599,0.012796,0.053591,0.4864
20/08/2018,20/08/2018,1.05E+12,9.1279,18.6963,0.012772,0.053486,0.4864
17/08/2018,17/08/2018,1.06E+12,9.2177,18.8803,0.012647,0.052965,0.4864
16/08/2018,16/08/2018,1.04E+12,9.0372,18.5106,0.0129,0.054023,0.0645
15/08/2018,15/08/2018,1.02E+12,8.9067,18.2434,0.013089,0.054814,0.0645
14/08/2018,14/08/2018,1.02E+12,8.886,18.2009,0.013119,0.054942,0.0645
13/08/2018,13/08/2018,1.02E+12,8.8487,18.1245,0.013174,0.055174,0.0645
10/08/2018,10/08/2018,1.01E+12,8.7919,18.0082,0.01326,0.05553,0.0645
09/08/2018,09/08/2018,1.01E+12,8.8182,18.062,0.012734,0.055365,0.0645
08/08/2018,08/08/2018,1.01E+12,8.7494,17.9211,0.012834,0.0558,0.0645
07/08/2018,07/08/2018,1.01E+12,8.7435,17.909,0.012843,0.055838,0.0645
06/08/2018,06/08/2018,1.01E+12,8.8262,18.0784,0.012722,0.055314,0.0645
03/08/2018,03/08/2018,1.01E+12,8.7806,17.9851,0.012789,0.055602,0.0645
02/08/2018,02/08/2018,1.01E+12,8.7553,17.9332,0.012826,0.055763,0.0645
01/08/2018,01/08/2018,9.78E+11,8.5066,17.4239,0.0132,0.057393,0.0645
31/07/2018,31/07/2018,9.23E+11,8.0334,16.4545,0.013978,0.060774,0.0645
30/07/2018,30/07/2018,9.22E+11,8.0173,16.4217,0.014006,0.060895,0.0645
27/07/2018,27/07/2018,9.27E+11,8.0625,16.5142,0.013928,0.060554,0.0645
26/07/2018,26/07/2018,9.42E+11,8.1989,16.7935,0.013696,0.059547,0.0645
25/07/2018,25/07/2018,9.45E+11,8.2246,16.8462,0.013653,0.05936,0.0645
24/07/2018,24/07/2018,9.37E+11,8.1478,16.6889,0.013782,0.05992,0.0645
23/07/2018,23/07/2018,9.30E+11,8.0891,16.5687,0.013882,0.060355,0.0645
20/07/2018,20/07/2018,9.29E+11,8.0819,16.554,0.013894,0.060408,0.0645
19/07/2018,19/07/2018,9.31E+11,8.1005,16.592,0.013862,0.06027,0.0645
18/07/2018,18/07/2018,9.24E+11,8.038,16.464,0.01397,0.060738,0.0645
17/07/2018,17/07/2018,9.29E+11,8.0823,16.5548,0.013893,0.060405,0.0645
16/07/2018,16/07/2018,9.26E+11,8.0595,16.5081,0.013933,0.060576,0.1165
13/07/2018,13/07/2018,9.28E+11,8.0773,16.5445,0.013902,0.060443,0.1165
12/07/2018,12/07/2018,9.27E+11,8.0646,16.5185,0.013924,0.060538,0.1165
11/07/2018,11/07/2018,9.12E+11,7.9316,16.2461,0.014157,0.061553,0.1165
10/07/2018,10/07/2018,9.24E+11,8.0359,16.4597,0.013974,0.060754,0.1165
09/07/2018,09/07/2018,9.25E+11,8.0456,16.4796,0.013957,0.060681,0.1165
06/07/2018,06/07/2018,9.12E+11,7.9354,16.2539,0.014151,0.061524,0.1165
05/07/2018,05/07/2018,9.00E+11,7.8269,16.0317,0.014347,0.062376,0.1165
03/07/2018,03/07/2018,8.93E+11,7.7645,15.9037,0.014462,0.062878,0.1165
02/07/2018,02/07/2018,9.08E+11,7.9021,16.1856,0.01421,0.061783,0.1165
29/06/2018,29/06/2018,9.24E+11,7.2839,17.333,0.014369,0.057693,0.1165
28/06/2018,28/06/2018,9.26E+11,7.2992,17.3695,0.014339,0.057572,0.1165
27/06/2018,27/06/2018,9.19E+11,7.2465,17.2441,0.014443,0.057991,0.1165
26/06/2018,26/06/2018,9.21E+11,7.2571,17.2693,0.014422,0.057906,0.1165
25/06/2018,25/06/2018,9.09E+11,7.1682,17.0577,0.014601,0.058624,0.1165
22/06/2018,22/06/2018,9.23E+11,7.2764,17.3152,0.014384,0.057753,0.1165
21/06/2018,21/06/2018,9.26E+11,7.2976,17.3658,0.014342,0.057585,0.1165
20/06/2018,20/06/2018,9.31E+11,7.3386,17.4632,0.014262,0.057263,0.1165
19/06/2018,19/06/2018,9.27E+11,7.3067,17.3873,0.014324,0.057513,0.1165
18/06/2018,18/06/2018,9.42E+11,7.4267,17.6729,0.014093,0.056584,0.1165
15/06/2018,15/06/2018,9.43E+11,7.4306,17.6823,0.014085,0.056554,0.1165
14/06/2018,14/06/2018,9.53E+11,7.5078,17.8658,0.013941,0.055973,0.1066
13/06/2018,13/06/2018,9.52E+11,7.5038,17.8564,0.013948,0.056002,0.1066
12/06/2018,12/06/2018,9.60E+11,7.566,18.0044,0.013833,0.055542,0.1066
11/06/2018,11/06/2018,9.55E+11,7.5247,17.9061,0.013909,0.055847,0.1066
08/06/2018,08/06/2018,9.57E+11,7.5432,17.9501,0.013875,0.05571,0.1066
07/06/2018,07/06/2018,9.66E+11,7.6124,18.1149,0.013749,0.055203,0.1066
06/06/2018,06/06/2018,9.68E+11,7.6329,18.1636,0.013712,0.055055,0.1066
05/06/2018,05/06/2018,9.65E+11,7.6065,18.1008,0.01376,0.055246,0.1066
04/06/2018,04/06/2018,9.58E+11,7.5483,17.9622,0.013866,0.055672,0.1066
01/06/2018,01/06/2018,9.50E+11,7.4857,17.8134,0.013982,0.056138,0.1066
31/05/2018,31/05/2018,9.33E+11,7.3531,17.4978,0.014234,0.05715,0.1066
30/05/2018,30/05/2018,9.36E+11,7.3779,17.5568,0.014186,0.056958,0.1066
29/05/2018,29/05/2018,9.38E+11,7.3936,17.5943,0.014156,0.056837,0.1066
25/05/2018,25/05/2018,9.41E+11,7.4204,17.6579,0.014105,0.056632,0.1066
24/05/2018,24/05/2018,9.39E+11,7.4035,17.6177,0.014137,0.056761,0.1066
23/05/2018,23/05/2018,9.40E+11,7.4117,17.6373,0.014121,0.056698,0.1066
22/05/2018,22/05/2018,9.34E+11,7.3645,17.525,0.014212,0.057061,0.1066
21/05/2018,21/05/2018,9.37E+11,7.383,17.569,0.014176,0.056919,0.1066
18/05/2018,18/05/2018,9.30E+11,7.3311,17.4454,0.014277,0.057322,0.1066
17/05/2018,17/05/2018,9.34E+11,7.3578,17.509,0.014225,0.057113,0.1066
16/05/2018,16/05/2018,9.39E+11,7.4047,17.6205,0.014135,0.056752,0.1066
15/05/2018,15/05/2018,9.31E+11,7.3362,17.4575,0.014267,0.057282,0.1066
14/05/2018,14/05/2018,9.39E+11,7.4035,17.6177,0.014137,0.056761,-0.1165
11/05/2018,11/05/2018,9.42E+11,7.4208,17.6589,0.014104,0.056629,-0.1165
10/05/2018,10/05/2018,9.45E+11,7.4491,17.7263,0.013514,0.056413,-0.1165
09/05/2018,09/05/2018,9.32E+11,7.3441,17.4763,0.013707,0.05722,-0.1165
08/05/2018,08/05/2018,9.25E+11,7.2927,17.3541,0.013804,0.057623,-0.1165
07/05/2018,07/05/2018,9.21E+11,7.2578,17.2711,0.01387,0.0579,-0.1165
04/05/2018,04/05/2018,9.14E+11,7.2057,17.147,0.013971,0.058319,-0.1165
03/05/2018,03/05/2018,8.80E+11,6.9337,16.4997,0.014519,0.060607,-0.1165
02/05/2018,02/05/2018,8.78E+11,6.9211,16.4698,0.014545,0.060717,-0.1165
01/05/2018,01/05/2018,8.41E+11,6.6283,15.7731,0.015188,0.063399,-0.1165
30/04/2018,30/04/2018,8.22E+11,6.4778,15.4149,0.015541,0.064872,-0.1165
27/04/2018,27/04/2018,8.07E+11,6.3626,15.1407,0.015822,0.066047,-0.1165
26/04/2018,26/04/2018,8.17E+11,6.437,15.3179,0.015639,0.065283,-0.1165
25/04/2018,25/04/2018,8.14E+11,6.4147,15.2647,0.015693,0.065511,-0.1165
24/04/2018,24/04/2018,8.10E+11,6.3869,15.1985,0.015762,0.065796,-0.1165
23/04/2018,23/04/2018,8.22E+11,6.477,15.413,0.015542,0.06488,-0.1165
20/04/2018,20/04/2018,8.24E+11,6.4958,15.4578,0.015497,0.064692,-0.1165
19/04/2018,19/04/2018,8.59E+11,6.7734,16.1182,0.014862,0.062042,-0.1165
18/04/2018,18/04/2018,8.84E+11,6.9709,16.5883,0.014441,0.060283,-0.1165
17/04/2018,17/04/2018,8.86E+11,6.9866,16.6256,0.014409,0.060148,-0.1165
16/04/2018,16/04/2018,8.74E+11,6.8917,16.3999,0.014607,0.060976,-0.1165
13/04/2018,13/04/2018,8.69E+11,6.849,16.2982,0.014698,0.061356,-0.1165
12/04/2018,12/04/2018,8.66E+11,6.8259,16.2432,0.014748,0.061564,-0.1165
11/04/2018,11/04/2018,8.58E+11,6.7592,16.0846,0.014893,0.062171,-0.1958
10/04/2018,10/04/2018,8.62E+11,6.791,16.1602,0.014824,0.061881,-0.1958
09/04/2018,09/04/2018,8.46E+11,6.6656,15.8617,0.015103,0.063045,-0.1958
06/04/2018,06/04/2018,8.37E+11,6.6001,15.7059,0.015253,0.06367,-0.1958
05/04/2018,05/04/2018,8.59E+11,6.7734,16.1182,0.014862,0.062042,-0.1958
04/04/2018,04/04/2018,8.53E+11,6.7267,16.0072,0.014965,0.062472,-0.1958
03/04/2018,03/04/2018,8.37E+11,6.6005,15.7068,0.015252,0.063667,-0.1958
02/04/2018,02/04/2018,8.29E+11,6.5335,15.5473,0.015408,0.06432,-0.1958
29/03/2018,29/03/2018,8.49E+11,6.0566,16.806,0.015307,0.059502,-0.1958
28/03/2018,28/03/2018,8.43E+11,6.0096,16.6758,0.015427,0.059967,-0.1958
27/03/2018,27/03/2018,8.52E+11,6.0768,16.8621,0.015256,0.059305,-0.1958
26/03/2018,26/03/2018,8.74E+11,6.2367,17.3059,0.014865,0.057784,-0.1958
23/03/2018,23/03/2018,8.35E+11,5.954,16.5215,0.015571,0.060527,-0.1958
22/03/2018,22/03/2018,8.55E+11,6.0952,16.9132,0.01521,0.059125,-0.1958
21/03/2018,21/03/2018,8.67E+11,6.1825,17.1556,0.014995,0.05829,-0.1958
20/03/2018,20/03/2018,8.87E+11,6.3259,17.5533,0.014655,0.056969,-0.1958
19/03/2018,19/03/2018,8.87E+11,6.328,17.5593,0.01465,0.05695,-0.1958
16/03/2018,16/03/2018,9.01E+11,6.4262,17.8317,0.014427,0.05608,-0.1958
15/03/2018,15/03/2018,9.04E+11,6.449,17.8948,0.014376,0.055882,-0.1958
14/03/2018,14/03/2018,9.03E+11,6.4414,17.8738,0.014393,0.055948,-0.1958
13/03/2018,13/03/2018,9.11E+11,6.4966,18.0271,0.01427,0.055472,-0.2959
12/03/2018,12/03/2018,9.20E+11,6.5598,18.2023,0.014133,0.054938,-0.2959
09/03/2018,09/03/2018,9.11E+11,6.497,18.0281,0.014269,0.055469,-0.2959
08/03/2018,08/03/2018,8.95E+11,6.3872,17.7235,0.014515,0.056422,-0.2959
07/03/2018,07/03/2018,8.86E+11,6.3183,17.5322,0.014673,0.057038,-0.2959
06/03/2018,06/03/2018,8.94E+11,6.3775,17.6965,0.014537,0.056508,-0.2959
05/03/2018,05/03/2018,8.95E+11,6.3829,17.7115,0.014525,0.05646,-0.2959
02/03/2018,02/03/2018,8.92E+11,6.3609,17.6504,0.014575,0.056656,-0.2959
01/03/2018,01/03/2018,8.86E+11,6.3172,17.5292,0.014676,0.057048,-0.2959
28/02/2018,28/02/2018,9.01E+11,6.4298,17.8417,0.014419,0.056048,-0.2959
27/02/2018,27/02/2018,9.03E+11,6.4396,17.8688,0.014397,0.055964,-0.2959
26/02/2018,26/02/2018,9.06E+11,6.4605,17.9269,0.01435,0.055782,-0.2959
23/02/2018,23/02/2018,8.88E+11,6.3352,17.5793,0.014634,0.056885,-0.2959
22/02/2018,22/02/2018,8.73E+11,6.2269,17.2788,0.014888,0.057874,-0.2959
21/02/2018,21/02/2018,8.66E+11,6.1753,17.1356,0.015013,0.058358,-0.2959
20/02/2018,20/02/2018,8.70E+11,6.2035,17.2137,0.014945,0.058093,-0.2959
16/02/2018,16/02/2018,8.73E+11,6.2244,17.2718,0.014894,0.057898,-0.2959
15/02/2018,15/02/2018,8.75E+11,6.2446,17.3279,0.014846,0.05771,-0.2959
14/02/2018,14/02/2018,8.47E+11,6.0418,16.7649,0.015345,0.059648,-0.2959
13/02/2018,13/02/2018,8.32E+11,5.9324,16.4614,0.015628,0.060748,-0.2959
12/02/2018,12/02/2018,8.23E+11,5.8735,16.2982,0.015784,0.061357,-0.2959
09/02/2018,09/02/2018,7.92E+11,5.6461,15.6671,0.01642,0.063828,-0.2959
08/02/2018,08/02/2018,7.82E+11,5.5779,15.4778,0.016225,0.064609,-0.2959
07/02/2018,07/02/2018,8.04E+11,5.7357,15.9158,0.015778,0.062831,0.1328
06/02/2018,06/02/2018,8.22E+11,5.8612,16.2639,0.015441,0.061486,0.1328
05/02/2018,05/02/2018,7.89E+11,5.6261,15.6115,0.016086,0.064055,0.1328
02/02/2018,02/02/2018,8.09E+11,5.7702,16.0115,0.015684,0.062455,0.1328
01/02/2018,01/02/2018,8.46E+11,6.032,16.7378,0.015004,0.059745,0.1328
31/01/2018,31/01/2018,8.44E+11,6.0194,16.7029,0.015035,0.05987,0.1328
30/01/2018,30/01/2018,8.42E+11,6.0028,16.657,0.015076,0.060035,0.1328
29/01/2018,29/01/2018,8.47E+11,6.0384,16.7557,0.014987,0.059681,0.1328
26/01/2018,26/01/2018,8.64E+11,6.1661,17.1099,0.014677,0.058446,0.1328
25/01/2018,25/01/2018,8.62E+11,6.1517,17.07,0.014712,0.058582,0.1328
24/01/2018,24/01/2018,8.78E+11,6.2635,17.3802,0.014449,0.057537,0.1328
23/01/2018,23/01/2018,8.92E+11,6.3649,17.6616,0.014219,0.05662,0.1328
22/01/2018,22/01/2018,8.92E+11,6.3634,17.6576,0.014222,0.056633,0.1328
19/01/2018,19/01/2018,9.00E+11,6.4159,17.8032,0.014106,0.05617,0.1328
18/01/2018,18/01/2018,9.04E+11,6.4447,17.883,0.014043,0.055919,0.1328
17/01/2018,17/01/2018,9.03E+11,6.4389,17.8671,0.014055,0.055969,0.1328
16/01/2018,16/01/2018,8.88E+11,6.3343,17.5768,0.014287,0.056893,0.1328
12/01/2018,12/01/2018,8.93E+11,6.3667,17.6665,0.014215,0.056604,0.1328
11/01/2018,11/01/2018,8.83E+11,6.3016,17.486,0.014362,0.057189,0.1328
10/01/2018,10/01/2018,8.78E+11,6.266,17.3872,0.014443,0.057514,0.1328
09/01/2018,09/01/2018,8.79E+11,6.2675,17.3912,0.01444,0.0575,1.6635
08/01/2018,08/01/2018,8.79E+11,6.2682,17.3932,0.014438,0.057494,1.6635
05/01/2018,05/01/2018,8.82E+11,6.2915,17.458,0.014385,0.05728,1.6635
04/01/2018,04/01/2018,8.72E+11,6.2207,17.2615,0.014548,0.057932,1.6635
03/01/2018,03/01/2018,8.68E+11,6.192,17.1817,0.014616,0.058201,1.6635
02/01/2018,02/01/2018,8.68E+11,6.193,17.1847,0.014613,0.058191,1.6635
29/12/2017,29/12/2017,8.69E+11,6.4792,17.9627,0.014875,0.055671,1.6635
28/12/2017,28/12/2017,8.78E+11,6.55,18.1591,0.014714,0.055069,1.6635
27/12/2017,27/12/2017,8.76E+11,6.5316,18.1081,0.014756,0.055224,1.6635
26/12/2017,26/12/2017,8.75E+11,6.5305,18.1049,0.014758,0.055234,1.6635
22/12/2017,22/12/2017,8.98E+11,6.7005,18.5762,0.014384,0.053832,1.6635
21/12/2017,21/12/2017,8.98E+11,6.7005,18.5762,0.014384,0.053832,1.6635
20/12/2017,20/12/2017,8.95E+11,6.6752,18.5062,0.014438,0.054036,1.6635
19/12/2017,19/12/2017,8.96E+11,6.6825,18.5263,0.014422,0.053977,1.6635
18/12/2017,18/12/2017,9.05E+11,6.7545,18.7259,0.014269,0.053402,1.6635
15/12/2017,15/12/2017,8.93E+11,6.6607,18.4658,0.01447,0.054154,1.6635
14/12/2017,14/12/2017,8.84E+11,6.5937,18.2801,0.014617,0.054704,1.6635
13/12/2017,13/12/2017,8.84E+11,6.5956,18.2854,0.014613,0.054689,1.6635
12/12/2017,12/12/2017,8.81E+11,6.5737,18.2249,0.014661,0.05487,1.6635
11/12/2017,11/12/2017,8.86E+11,6.6109,18.3278,0.014579,0.054562,1.6635
08/12/2017,08/12/2017,8.69E+11,6.4845,17.9776,0.014863,0.055625,1.6635
07/12/2017,07/12/2017,8.69E+11,6.4826,17.9723,0.014867,0.055641,1.6635
06/12/2017,06/12/2017,8.67E+11,6.4708,17.9393,0.014894,0.055743,0.503
05/12/2017,05/12/2017,8.71E+11,6.4949,18.0062,0.014839,0.055536,0.503
04/12/2017,04/12/2017,8.71E+11,6.501,18.0232,0.014825,0.055484,0.503
01/12/2017,01/12/2017,8.78E+11,6.5489,18.1559,0.014717,0.055079,0.503
30/11/2017,30/11/2017,8.82E+11,6.5795,18.2408,0.014648,0.054822,0.503
29/11/2017,29/11/2017,8.70E+11,6.4888,17.9892,0.014853,0.055589,0.503
28/11/2017,28/11/2017,8.88E+11,6.6262,18.3703,0.014545,0.054436,0.503
27/11/2017,27/11/2017,8.93E+11,6.6652,18.4786,0.01446,0.054117,0.503
24/11/2017,24/11/2017,8.98E+11,6.6989,18.572,0.014387,0.053845,0.503
22/11/2017,22/11/2017,8.98E+11,6.6986,18.5709,0.014388,0.053848,0.503
21/11/2017,21/11/2017,8.89E+11,6.6289,18.3777,0.014539,0.054414,0.503
20/11/2017,20/11/2017,8.72E+11,6.5079,18.0423,0.014809,0.055425,0.503
17/11/2017,17/11/2017,8.73E+11,6.5144,18.0604,0.014795,0.05537,0.503
16/11/2017,16/11/2017,8.78E+11,6.5508,18.1612,0.014712,0.055062,0.503
15/11/2017,15/11/2017,8.68E+11,6.4734,17.9468,0.014888,0.05572,0.503
14/11/2017,14/11/2017,8.79E+11,6.56,18.1867,0.014692,0.054985,0.503
13/11/2017,13/11/2017,8.93E+11,6.6607,18.4658,0.01447,0.054154,0.503
10/11/2017,10/11/2017,8.96E+11,6.6875,18.5401,0.014412,0.053937,0.503
09/11/2017,09/11/2017,8.99E+11,6.7097,18.6017,0.014014,0.053759,0.503
08/11/2017,08/11/2017,9.01E+11,6.7234,18.6398,0.013985,0.053649,0.503
07/11/2017,07/11/2017,8.94E+11,6.6688,18.4885,0.014099,0.054088,0.503
06/11/2017,06/11/2017,8.91E+11,6.6475,18.4293,0.014145,0.054261,0.503
03/11/2017,03/11/2017,8.82E+11,6.5807,18.2442,0.014288,0.054812,0.8117
02/11/2017,02/11/2017,8.60E+11,6.4132,17.7799,0.014661,0.056243,0.8117
01/11/2017,01/11/2017,8.53E+11,6.3667,17.6509,0.014769,0.056654,0.8117
31/10/2017,31/10/2017,8.64E+11,6.4487,17.8783,0.014581,0.055934,0.8117
30/10/2017,30/10/2017,8.53E+11,6.3602,17.6329,0.014784,0.056712,0.8117
27/10/2017,27/10/2017,8.34E+11,6.2202,17.2447,0.015116,0.057989,0.8117
26/10/2017,26/10/2017,8.05E+11,6.005,16.6482,0.015658,0.060066,0.8117
25/10/2017,25/10/2017,8.00E+11,5.9669,16.5425,0.015758,0.06045,0.8117
24/10/2017,24/10/2017,8.03E+11,5.9932,16.6154,0.015689,0.060185,0.8117
23/10/2017,23/10/2017,7.99E+11,5.9577,16.5171,0.015782,0.060543,0.8117
20/10/2017,20/10/2017,7.99E+11,5.9608,16.5255,0.015774,0.060512,0.8117
19/10/2017,19/10/2017,7.98E+11,5.9505,16.497,0.015802,0.060617,0.8117
18/10/2017,18/10/2017,8.17E+11,6.0947,16.8968,0.015428,0.059183,0.8117
17/10/2017,17/10/2017,8.21E+11,6.1218,16.9719,0.015359,0.058921,0.8117
16/10/2017,16/10/2017,8.18E+11,6.0993,16.9095,0.015416,0.059138,0.8117
13/10/2017,13/10/2017,8.03E+11,5.989,16.6038,0.0157,0.060227,0.8117
12/10/2017,12/10/2017,7.98E+11,5.9513,16.4991,0.0158,0.060609,0.8117
11/10/2017,11/10/2017,8.01E+11,5.9722,16.5573,0.015744,0.060396,0.8117
10/10/2017,10/10/2017,7.97E+11,5.9474,16.4885,0.01581,0.060648,0.8117
09/10/2017,09/10/2017,7.97E+11,5.9452,16.4822,0.015816,0.060672,0.8117
06/10/2017,06/10/2017,7.94E+11,5.9246,16.4251,0.015871,0.060883,0.8117
05/10/2017,05/10/2017,7.95E+11,5.928,16.4346,0.015862,0.060847,0.8117
04/10/2017,04/10/2017,7.85E+11,5.8551,16.2326,0.016059,0.061604,0.3769
03/10/2017,03/10/2017,7.90E+11,5.8933,16.3383,0.015955,0.061206,0.3769
02/10/2017,02/10/2017,7.87E+11,5.8677,16.2675,0.016025,0.061472,0.3769
29/09/2017,29/09/2017,7.85E+11,5.9309,16.8357,0.015992,0.059397,0.3769
28/09/2017,28/09/2017,7.81E+11,5.8986,16.744,0.01608,0.059723,0.3769
27/09/2017,27/09/2017,7.86E+11,5.9352,16.8478,0.015981,0.059355,0.3769
26/09/2017,26/09/2017,7.80E+11,5.8932,16.7287,0.016095,0.059778,0.3769
25/09/2017,25/09/2017,7.67E+11,5.7936,16.4458,0.016371,0.060806,0.3769
22/09/2017,22/09/2017,7.74E+11,5.8451,16.5921,0.016227,0.06027,0.3769
21/09/2017,21/09/2017,7.82E+11,5.9028,16.756,0.016068,0.05968,0.3769
20/09/2017,20/09/2017,7.95E+11,6.006,17.0488,0.015792,0.058655,0.3769
19/09/2017,19/09/2017,8.09E+11,6.1083,17.3393,0.015528,0.057672,0.3769
18/09/2017,18/09/2017,8.09E+11,6.106,17.3328,0.015534,0.057694,0.3769
15/09/2017,15/09/2017,8.15E+11,6.1526,17.465,0.015416,0.057258,0.3769
14/09/2017,14/09/2017,8.07E+11,6.091,17.2902,0.015572,0.057836,0.3769
13/09/2017,13/09/2017,8.14E+11,6.1437,17.4398,0.015438,0.05734,0.3769
12/09/2017,12/09/2017,8.20E+11,6.1903,17.572,0.015322,0.056909,0.3769
11/09/2017,11/09/2017,8.23E+11,6.2149,17.6419,0.015261,0.056683,0.3769
08/09/2017,08/09/2017,8.08E+11,6.1045,17.3284,0.015538,0.057709,0.3769
07/09/2017,07/09/2017,8.22E+11,6.2057,17.6157,0.015284,0.056768,0.3769
06/09/2017,06/09/2017,8.25E+11,6.2307,17.6867,0.015223,0.05654,0.3769
05/09/2017,05/09/2017,8.26E+11,6.2373,17.7053,0.015207,0.05648,0.7229
01/09/2017,01/09/2017,8.36E+11,6.3131,17.9205,0.015024,0.055802,0.7229
31/08/2017,31/08/2017,8.36E+11,6.3111,17.915,0.015029,0.055819,0.7229
30/08/2017,30/08/2017,8.32E+11,6.2861,17.844,0.015089,0.056041,0.7229
29/08/2017,29/08/2017,8.30E+11,6.2692,17.7959,0.015129,0.056193,0.7229
28/08/2017,28/08/2017,8.23E+11,6.2138,17.6386,0.015264,0.056694,0.7229
25/08/2017,25/08/2017,8.15E+11,6.1518,17.4628,0.015418,0.057265,0.7229
24/08/2017,24/08/2017,8.12E+11,6.1291,17.3983,0.015475,0.057477,0.7229
23/08/2017,23/08/2017,8.15E+11,6.1564,17.4759,0.015406,0.057222,0.7229
22/08/2017,22/08/2017,8.14E+11,6.1487,17.454,0.015426,0.057293,0.7229
21/08/2017,21/08/2017,8.01E+11,6.0498,17.1733,0.015678,0.05823,0.7229
18/08/2017,18/08/2017,8.03E+11,6.061,17.205,0.015649,0.058123,0.7229
17/08/2017,17/08/2017,8.04E+11,6.0749,17.2443,0.015613,0.05799,0.7229
16/08/2017,16/08/2017,8.20E+11,6.1938,17.5818,0.015314,0.056877,0.7229
15/08/2017,15/08/2017,8.24E+11,6.2188,17.6528,0.015252,0.056648,0.7229
14/08/2017,14/08/2017,8.15E+11,6.1514,17.4617,0.015419,0.057268,0.7229
11/08/2017,11/08/2017,8.03E+11,6.0602,17.2028,0.015651,0.05813,0.7229
10/08/2017,10/08/2017,7.92E+11,5.9771,16.9668,0.015869,0.058939,0.7229
09/08/2017,09/08/2017,8.18E+11,6.1738,17.525,0.014979,0.057061,0.7229
08/08/2017,08/08/2017,8.13E+11,6.1362,17.4184,0.015071,0.057411,0.7229
07/08/2017,07/08/2017,8.06E+11,6.0875,17.2802,0.015191,0.05787,0.7229
04/08/2017,04/08/2017,7.94E+11,5.9947,17.0169,0.015426,0.058765,0.7229
03/08/2017,03/08/2017,7.90E+11,5.9633,16.9277,0.015508,0.059075,1.2745
02/08/2017,02/08/2017,7.98E+11,6.0235,17.0985,0.015353,0.058485,1.2745
01/08/2017,01/08/2017,7.62E+11,5.7517,16.327,0.016078,0.061248,1.2745
31/07/2017,31/07/2017,7.55E+11,5.7011,16.1834,0.016221,0.061792,1.2745
28/07/2017,28/07/2017,7.59E+11,5.7306,16.2672,0.016137,0.061473,1.2745
27/07/2017,27/07/2017,7.64E+11,5.7713,16.3825,0.016024,0.061041,1.2745
26/07/2017,26/07/2017,7.79E+11,5.8824,16.6981,0.015721,0.059887,1.2745
25/07/2017,25/07/2017,7.75E+11,5.8548,16.6197,0.015795,0.060169,1.2745
24/07/2017,24/07/2017,7.72E+11,5.8299,16.549,0.015863,0.060427,1.2745
21/07/2017,21/07/2017,7.63E+11,5.7602,16.351,0.016055,0.061158,1.2745
20/07/2017,20/07/2017,7.63E+11,5.7628,16.3586,0.016047,0.06113,1.2745
19/07/2017,19/07/2017,7.67E+11,5.7889,16.4326,0.015975,0.060855,1.2745
18/07/2017,18/07/2017,7.62E+11,5.7529,16.3303,0.016075,0.061236,1.2745
17/07/2017,17/07/2017,7.59E+11,5.7329,16.2737,0.016131,0.061449,1.2745
14/07/2017,14/07/2017,7.57E+11,5.713,16.2171,0.016187,0.061663,1.2745
13/07/2017,13/07/2017,7.50E+11,5.6643,16.0789,0.016326,0.062193,1.2745
12/07/2017,12/07/2017,7.40E+11,5.5865,15.8581,0.016554,0.063059,1.2745
11/07/2017,11/07/2017,7.39E+11,5.5785,15.8352,0.016578,0.06315,1.2745
10/07/2017,10/07/2017,7.36E+11,5.5604,15.7841,0.016631,0.063355,1.2745
07/07/2017,07/07/2017,7.32E+11,5.5267,15.6883,0.016733,0.063742,1.2745
06/07/2017,06/07/2017,7.25E+11,5.4711,15.5305,0.016903,0.064389,1.2745
05/07/2017,05/07/2017,7.31E+11,5.5233,15.6785,0.016743,0.063782,1.2745
03/07/2017,03/07/2017,7.28E+11,5.5006,15.6143,0.016812,0.064044,1.2745
30/06/2017,30/06/2017,7.35E+11,5.4817,16.0726,0.016751,0.062218,1.5229
29/06/2017,29/06/2017,7.33E+11,5.4688,16.0347,0.016791,0.062365,1.5229
28/06/2017,28/06/2017,7.44E+11,5.5506,16.2746,0.016544,0.061445,1.5229
27/06/2017,27/06/2017,7.34E+11,5.4707,16.0403,0.016785,0.062343,1.5229
26/06/2017,26/06/2017,7.44E+11,5.5502,16.2735,0.016545,0.06145,1.5229
23/06/2017,23/06/2017,7.47E+11,5.5677,16.3248,0.016493,0.061256,1.5229
22/06/2017,22/06/2017,7.43E+11,5.543,16.2523,0.016566,0.06153,1.5229
21/06/2017,21/06/2017,7.44E+11,5.5521,16.2791,0.016539,0.061429,1.5229
20/06/2017,20/06/2017,7.40E+11,5.5194,16.1831,0.016637,0.061793,1.5229
19/06/2017,19/06/2017,7.47E+11,5.57,16.3315,0.016486,0.061231,1.5229
16/06/2017,16/06/2017,7.26E+11,5.4151,15.8773,0.016958,0.062983,1.5229
15/06/2017,15/06/2017,7.36E+11,5.492,16.1027,0.01672,0.062101,1.5229
14/06/2017,14/06/2017,7.41E+11,5.5251,16.1998,0.01662,0.061729,1.5229
13/06/2017,13/06/2017,7.48E+11,5.5795,16.3594,0.016458,0.061127,1.5229
12/06/2017,12/06/2017,7.42E+11,5.535,16.2289,0.01659,0.061619,1.5229
09/06/2017,09/06/2017,7.60E+11,5.6705,16.6262,0.016194,0.060146,1.5229
08/06/2017,08/06/2017,7.91E+11,5.8993,17.2969,0.015566,0.057814,1.5229
07/06/2017,07/06/2017,7.93E+11,5.9137,17.3393,0.015528,0.057673,1.5229
06/06/2017,06/06/2017,7.88E+11,5.8787,17.2366,0.01562,0.058016,1.5229
05/06/2017,05/06/2017,7.86E+11,5.8589,17.1786,0.015673,0.058212,1.5229
02/06/2017,02/06/2017,7.93E+11,5.9168,17.3482,0.01552,0.057643,1.5229
01/06/2017,01/06/2017,7.82E+11,5.8304,17.0949,0.01575,0.058497,1.3718
31/05/2017,31/05/2017,7.80E+11,5.8144,17.048,0.015793,0.058658,1.3718
30/05/2017,30/05/2017,7.84E+11,5.849,17.1496,0.0157,0.058311,1.3718
26/05/2017,26/05/2017,7.84E+11,5.8467,17.1429,0.015706,0.058333,1.3718
25/05/2017,25/05/2017,7.85E+11,5.8566,17.1719,0.015679,0.058235,1.3718
24/05/2017,24/05/2017,7.83E+11,5.8365,17.1127,0.015733,0.058436,1.3718
23/05/2017,23/05/2017,7.85E+11,5.854,17.1641,0.015686,0.058261,1.3718
22/05/2017,22/05/2017,7.86E+11,5.8612,17.1853,0.015667,0.058189,1.3718
19/05/2017,19/05/2017,7.81E+11,5.8258,17.0815,0.015762,0.058543,1.3718
18/05/2017,18/05/2017,7.78E+11,5.806,17.0234,0.015816,0.058743,1.3718
17/05/2017,17/05/2017,7.67E+11,5.7189,16.7679,0.016057,0.059638,1.3718
16/05/2017,16/05/2017,7.93E+11,5.9175,17.3504,0.015518,0.057635,1.3718
15/05/2017,15/05/2017,7.95E+11,5.9263,17.3761,0.015495,0.05755,1.3718
12/05/2017,12/05/2017,7.97E+11,5.9415,17.4207,0.015455,0.057403,1.3718
11/05/2017,11/05/2017,7.86E+11,5.8597,17.1808,0.015671,0.058204,1.3718
10/05/2017,10/05/2017,7.79E+11,5.8094,17.0335,0.015401,0.058708,1.3718
09/05/2017,09/05/2017,7.83E+11,5.8371,17.1146,0.015328,0.05843,1.3718
08/05/2017,08/05/2017,7.78E+11,5.8,17.0057,0.015426,0.058804,1.3718
05/05/2017,05/05/2017,7.57E+11,5.6464,16.5556,0.015846,0.060403,1.3718
04/05/2017,04/05/2017,7.45E+11,5.5543,16.2855,0.016109,0.061404,1.3718
03/05/2017,03/05/2017,7.47E+11,5.5744,16.3444,0.016051,0.061183,1.3718
02/05/2017,02/05/2017,7.50E+11,5.5915,16.3944,0.016002,0.060996,1.3718
01/05/2017,01/05/2017,7.45E+11,5.5562,16.2911,0.016103,0.061383,1.8329
28/04/2017,28/04/2017,7.30E+11,5.4452,15.9654,0.016432,0.062635,1.8329
27/04/2017,27/04/2017,7.31E+11,5.4505,15.981,0.016416,0.062574,1.8329
26/04/2017,26/04/2017,7.30E+11,5.4463,15.9688,0.016428,0.062622,1.8329
25/04/2017,25/04/2017,7.35E+11,5.4785,16.0632,0.016331,0.062254,1.8329
24/04/2017,24/04/2017,7.30E+11,5.4448,15.9643,0.016433,0.06264,1.8329
21/04/2017,21/04/2017,7.23E+11,5.3929,15.8121,0.016591,0.063243,1.8329
20/04/2017,20/04/2017,7.24E+11,5.3993,15.8309,0.016571,0.063167,1.8329
19/04/2017,19/04/2017,7.15E+11,5.3326,15.6353,0.016778,0.063958,1.8329
18/04/2017,18/04/2017,7.18E+11,5.3523,15.6931,0.016717,0.063722,1.8329
17/04/2017,17/04/2017,7.21E+11,5.3762,15.7631,0.016642,0.063439,1.8329
13/04/2017,13/04/2017,7.17E+11,5.3466,15.6765,0.016734,0.06379,1.8329
12/04/2017,12/04/2017,7.21E+11,5.375,15.7598,0.016646,0.063453,1.8329
11/04/2017,11/04/2017,7.20E+11,5.3686,15.7409,0.016666,0.063529,1.8329
10/04/2017,10/04/2017,7.28E+11,5.427,15.9121,0.016487,0.062845,1.8329
07/04/2017,07/04/2017,7.29E+11,5.4334,15.931,0.016467,0.062771,1.8329
06/04/2017,06/04/2017,7.30E+11,5.4455,15.9665,0.01643,0.062631,1.8329
05/04/2017,05/04/2017,7.32E+11,5.4592,16.0065,0.016389,0.062474,1.8329
04/04/2017,04/04/2017,7.36E+11,5.4876,16.0899,0.016304,0.062151,1.8329
03/04/2017,03/04/2017,7.30E+11,5.4471,15.971,0.016426,0.062614,1.8329
31/03/2017,31/03/2017,7.39E+11,5.5846,16.3512,0.01643,0.061158,1.8329
30/03/2017,30/03/2017,7.41E+11,5.5951,16.3819,0.0164,0.061043,1.8329
29/03/2017,29/03/2017,7.42E+11,5.6025,16.4035,0.016378,0.060962,1.8918
28/03/2017,28/03/2017,7.40E+11,5.5901,16.3671,0.016414,0.061098,1.8918
27/03/2017,27/03/2017,7.25E+11,5.4766,16.0348,0.016755,0.062365,1.8918
24/03/2017,24/03/2017,7.24E+11,5.4672,16.0074,0.016783,0.062471,1.8918
23/03/2017,23/03/2017,7.25E+11,5.4781,16.0393,0.01675,0.062347,1.8918
22/03/2017,22/03/2017,7.28E+11,5.4976,16.0962,0.016691,0.062126,1.8918
21/03/2017,21/03/2017,7.20E+11,5.4361,15.9164,0.016879,0.062828,1.8918
20/03/2017,20/03/2017,7.28E+11,5.4991,16.1008,0.016686,0.062109,1.8918
17/03/2017,17/03/2017,7.20E+11,5.442,15.9335,0.016861,0.062761,1.8918
16/03/2017,16/03/2017,7.24E+11,5.4692,16.0131,0.016777,0.062449,1.8918
15/03/2017,15/03/2017,7.23E+11,5.4602,15.987,0.016805,0.062551,1.8918
14/03/2017,14/03/2017,7.15E+11,5.4031,15.8196,0.016982,0.063213,1.8918
13/03/2017,13/03/2017,7.16E+11,5.4113,15.8435,0.016957,0.063117,1.8918
10/03/2017,10/03/2017,7.16E+11,5.4089,15.8367,0.016964,0.063144,1.8918
09/03/2017,09/03/2017,7.14E+11,5.3911,15.7844,0.01702,0.063354,1.8918
08/03/2017,08/03/2017,7.15E+11,5.4035,15.8208,0.016981,0.063208,1.8918
07/03/2017,07/03/2017,7.18E+11,5.4237,15.88,0.016918,0.062972,1.8918
06/03/2017,06/03/2017,7.17E+11,5.4167,15.8595,0.01694,0.063054,1.8918
03/03/2017,03/03/2017,7.19E+11,5.4338,15.9096,0.016886,0.062855,1.8918
02/03/2017,02/03/2017,7.15E+11,5.4019,15.8162,0.016986,0.063226,1.8918
01/03/2017,01/03/2017,7.19E+11,5.4342,15.9107,0.016885,0.062851,1.8918
28/02/2017,28/02/2017,7.05E+11,5.3254,15.592,0.01723,0.064135,2.0117
27/02/2017,27/02/2017,7.05E+11,5.323,15.5852,0.017238,0.064164,2.0117
24/02/2017,24/02/2017,7.03E+11,5.3125,15.5544,0.017272,0.06429,2.0117
23/02/2017,23/02/2017,7.03E+11,5.3075,15.5396,0.017288,0.064352,2.0117
22/02/2017,22/02/2017,7.06E+11,5.33,15.6057,0.017215,0.064079,2.0117
21/02/2017,21/02/2017,7.04E+11,5.3141,15.559,0.017267,0.064271,2.0117
17/02/2017,17/02/2017,6.98E+11,5.276,15.4475,0.017392,0.064736,2.0117
16/02/2017,16/02/2017,6.97E+11,5.2614,15.4048,0.01744,0.064915,2.0117
15/02/2017,15/02/2017,6.97E+11,5.2678,15.4236,0.017419,0.064836,2.0117
14/02/2017,14/02/2017,6.95E+11,5.2488,15.3678,0.017482,0.065071,2.0117
13/02/2017,13/02/2017,6.86E+11,5.1815,15.1709,0.017709,0.065916,2.0117
10/02/2017,10/02/2017,6.80E+11,5.136,15.0377,0.017866,0.066499,2.0117
09/02/2017,09/02/2017,6.82E+11,5.1477,15.0719,0.017825,0.066349,2.0117
08/02/2017,08/02/2017,6.77E+11,5.1108,14.9637,0.021655,0.066828,2.0117
07/02/2017,07/02/2017,6.74E+11,5.091,14.9059,0.021739,0.067087,2.0117
06/02/2017,06/02/2017,6.68E+11,5.043,14.7654,0.021946,0.067726,2.0117
03/02/2017,03/02/2017,6.61E+11,4.9962,14.6283,0.022151,0.068361,2.0117
02/02/2017,02/02/2017,6.59E+11,4.9749,14.5659,0.022246,0.068653,2.0117
01/02/2017,01/02/2017,6.60E+11,4.9834,14.5909,0.022208,0.068536,2.0117
31/01/2017,31/01/2017,6.22E+11,4.697,13.7523,0.023562,0.072715,2.0117
30/01/2017,30/01/2017,6.23E+11,4.7078,13.784,0.023508,0.072548,2.0117
27/01/2017,27/01/2017,6.25E+11,4.7202,13.8203,0.023447,0.072358,2.0117
26/01/2017,26/01/2017,6.25E+11,4.7198,13.8191,0.023448,0.072364,2.0117
25/01/2017,25/01/2017,6.25E+11,4.7175,13.8123,0.02346,0.072399,1.7025
24/01/2017,24/01/2017,6.15E+11,4.6436,13.5959,0.023834,0.073552,1.7025
23/01/2017,23/01/2017,6.15E+11,4.6478,13.6083,0.023812,0.073484,1.7025
20/01/2017,20/01/2017,6.15E+11,4.6447,13.5993,0.023828,0.073533,1.7025
19/01/2017,19/01/2017,6.14E+11,4.6362,13.5743,0.023871,0.073668,1.7025
18/01/2017,18/01/2017,6.15E+11,4.6444,13.5981,0.02383,0.07354,1.7025
17/01/2017,17/01/2017,6.15E+11,4.6447,13.5993,0.023828,0.073533,1.7025
13/01/2017,13/01/2017,6.10E+11,4.6076,13.4905,0.02402,0.074126,1.7025
12/01/2017,12/01/2017,6.11E+11,4.6157,13.5143,0.023977,0.073996,1.7025
11/01/2017,11/01/2017,6.14E+11,4.6351,13.5709,0.023877,0.073687,1.7025
10/01/2017,10/01/2017,6.10E+11,4.6103,13.4984,0.024006,0.074083,1.7025
09/01/2017,09/01/2017,6.10E+11,4.6057,13.4848,0.02403,0.074158,1.7025
06/01/2017,06/01/2017,6.04E+11,4.5639,13.3624,0.02425,0.074837,1.7025
05/01/2017,05/01/2017,5.98E+11,4.5135,13.2151,0.02452,0.075671,1.7025
04/01/2017,04/01/2017,5.95E+11,4.4907,13.1482,0.024645,0.076056,1.7025
03/01/2017,03/01/2017,5.95E+11,4.4957,13.163,0.024617,0.075971,1.7025
30/12/2016,30/12/2016,6.13E+11,4.7773,13.4106,0.024687,0.074568,1.7025
29/12/2016,29/12/2016,6.18E+11,4.8149,13.516,0.024495,0.073987,1.7025
28/12/2016,28/12/2016,6.18E+11,4.8161,13.5194,0.024489,0.073968,1.7025
27/12/2016,27/12/2016,6.20E+11,4.8367,13.5773,0.024384,0.073652,1.7025
23/12/2016,23/12/2016,6.16E+11,4.8062,13.4916,0.024539,0.07412,1.8908
22/12/2016,22/12/2016,6.15E+11,4.7967,13.465,0.024588,0.074267,1.8908
21/12/2016,21/12/2016,6.19E+11,4.8285,13.5542,0.024426,0.073778,1.8908
20/12/2016,20/12/2016,6.19E+11,4.824,13.5414,0.024449,0.073847,1.8908
19/12/2016,19/12/2016,6.17E+11,4.8112,13.5055,0.024514,0.074044,1.8908
16/12/2016,16/12/2016,6.13E+11,4.7835,13.428,0.024656,0.074471,1.8908
15/12/2016,15/12/2016,6.13E+11,4.7773,13.4106,0.024687,0.074568,1.8908
14/12/2016,14/12/2016,6.09E+11,4.7514,13.3376,0.024823,0.074976,1.8908
13/12/2016,13/12/2016,6.09E+11,4.7514,13.3376,0.024823,0.074976,1.8908
12/12/2016,12/12/2016,5.99E+11,4.6734,13.1188,0.025237,0.076226,1.8908
09/12/2016,09/12/2016,6.03E+11,4.7002,13.1941,0.025093,0.075792,1.8908
08/12/2016,08/12/2016,5.93E+11,4.6247,12.9822,0.025502,0.077029,1.8908
07/12/2016,07/12/2016,5.87E+11,4.5798,12.856,0.025753,0.077785,1.8908
06/12/2016,06/12/2016,5.82E+11,4.5352,12.7309,0.026006,0.078549,1.8908
05/12/2016,05/12/2016,5.77E+11,4.5006,12.6337,0.026206,0.079154,1.8908
02/12/2016,02/12/2016,5.81E+11,4.5332,12.7251,0.026017,0.078585,1.8908
01/12/2016,01/12/2016,5.79E+11,4.5162,12.6777,0.026115,0.078879,1.8908
30/11/2016,30/11/2016,5.85E+11,4.5587,12.7969,0.025871,0.078144,1.8908
29/11/2016,29/11/2016,5.90E+11,4.5975,12.9058,0.025653,0.077485,1.8908
28/11/2016,28/11/2016,5.90E+11,4.602,12.9185,0.025628,0.077408,1.8908
25/11/2016,25/11/2016,5.91E+11,4.6111,12.944,0.025577,0.077256,1.8908
23/11/2016,23/11/2016,5.88E+11,4.588,12.8791,0.025706,0.077645,1.8557
22/11/2016,22/11/2016,5.91E+11,4.6115,12.9451,0.025575,0.077249,1.8557
21/11/2016,21/11/2016,5.91E+11,4.6086,12.937,0.025591,0.077298,1.8557
18/11/2016,18/11/2016,5.82E+11,4.5398,12.7437,0.02598,0.07847,1.8557
17/11/2016,17/11/2016,5.82E+11,4.5352,12.7309,0.026006,0.078549,1.8557
16/11/2016,16/11/2016,5.82E+11,4.5369,12.7355,0.025996,0.07852,1.8557
15/11/2016,15/11/2016,5.67E+11,4.4181,12.4021,0.026695,0.080632,1.8557
14/11/2016,14/11/2016,5.59E+11,4.3603,12.24,0.027049,0.0817,1.8557
11/11/2016,11/11/2016,5.74E+11,4.4725,12.5549,0.02637,0.07965,1.8557
10/11/2016,10/11/2016,5.70E+11,4.4461,12.4808,0.026527,0.080123,1.8557
09/11/2016,09/11/2016,5.87E+11,4.5736,12.8386,0.025787,0.07789,1.8557
08/11/2016,08/11/2016,5.88E+11,4.581,12.8594,0.025746,0.077764,1.8557
07/11/2016,07/11/2016,5.84E+11,4.5542,12.7842,0.025897,0.078222,1.8557
04/11/2016,04/11/2016,5.76E+11,4.4894,12.6024,0.026271,0.07935,1.8557
03/11/2016,03/11/2016,5.81E+11,4.5303,12.717,0.026034,0.078635,1.8557
02/11/2016,02/11/2016,5.87E+11,4.5794,12.8548,0.025287,0.077792,1.8557
01/11/2016,01/11/2016,5.87E+11,4.5753,12.8433,0.025309,0.077862,1.8557
31/10/2016,31/10/2016,5.98E+11,4.6594,13.0794,0.024852,0.076456,1.8557
28/10/2016,28/10/2016,5.99E+11,4.6668,13.1002,0.024813,0.076335,1.8557
27/10/2016,27/10/2016,6.03E+11,4.698,13.1877,0.024648,0.075828,1.8557
26/10/2016,26/10/2016,6.08E+11,4.7435,13.3156,0.024412,0.0751,1.8557
25/10/2016,25/10/2016,6.22E+11,4.8527,13.622,0.023862,0.073411,1.8557
24/10/2016,24/10/2016,6.19E+11,4.828,13.5529,0.023984,0.073785,1.8557
21/10/2016,21/10/2016,6.14E+11,4.785,13.4319,0.0242,0.074449,1.7402
20/10/2016,20/10/2016,6.16E+11,4.8038,13.4849,0.024105,0.074157,1.7402
19/10/2016,19/10/2016,6.16E+11,4.8063,13.4918,0.024093,0.074119,1.7402
18/10/2016,18/10/2016,6.18E+11,4.8207,13.5322,0.024021,0.073898,1.7402
17/10/2016,17/10/2016,6.19E+11,4.8239,13.5414,0.024005,0.073848,1.7402
14/10/2016,14/10/2016,6.19E+11,4.8272,13.5506,0.023988,0.073797,1.7402
13/10/2016,13/10/2016,6.16E+11,4.8005,13.4757,0.024121,0.074208,1.7402
12/10/2016,12/10/2016,6.18E+11,4.8153,13.5172,0.024047,0.07398,1.7402
11/10/2016,11/10/2016,6.12E+11,4.7726,13.3974,0.024263,0.074641,1.7402
10/10/2016,10/10/2016,6.11E+11,4.7624,13.3686,0.024315,0.074802,1.7402
07/10/2016,07/10/2016,6.00E+11,4.6807,13.1393,0.024739,0.076107,1.7402
06/10/2016,06/10/2016,5.99E+11,4.6737,13.1198,0.024776,0.076221,1.7402
05/10/2016,05/10/2016,5.95E+11,4.6393,13.023,0.02496,0.076787,1.7402
04/10/2016,04/10/2016,5.95E+11,4.6372,13.0172,0.024971,0.076821,1.7402
03/10/2016,03/10/2016,5.92E+11,4.6175,12.9619,0.025078,0.077149,1.7402
30/09/2016,30/09/2016,5.95E+11,4.6393,13.023,0.02496,0.076787,1.7402
29/09/2016,29/09/2016,5.90E+11,4.6036,12.9228,0.025154,0.077383,1.7402
28/09/2016,28/09/2016,6.00E+11,4.6762,13.1267,0.024763,0.076181,1.7402
27/09/2016,27/09/2016,5.95E+11,4.6409,13.0276,0.024951,0.07676,1.7402
26/09/2016,26/09/2016,5.94E+11,4.6323,13.0034,0.024998,0.076903,1.7402
23/09/2016,23/09/2016,5.90E+11,4.6643,12.3486,0.025035,0.080981,1.7402
22/09/2016,22/09/2016,6.00E+11,4.7434,12.5579,0.024618,0.079631,1.7402
21/09/2016,21/09/2016,5.95E+11,4.6991,12.4406,0.02485,0.080382,1.7627
20/09/2016,20/09/2016,5.95E+11,4.6999,12.4428,0.024846,0.080368,1.7627
19/09/2016,19/09/2016,5.95E+11,4.7003,12.4439,0.024844,0.08036,1.7627
16/09/2016,16/09/2016,6.02E+11,4.7558,12.5907,0.024554,0.079423,1.7627
15/09/2016,15/09/2016,6.05E+11,4.7827,12.662,0.024416,0.078977,1.7627
14/09/2016,14/09/2016,5.85E+11,4.6254,12.2456,0.025246,0.081662,1.7627
13/09/2016,13/09/2016,5.65E+11,4.4673,11.8271,0.026139,0.084552,1.7627
12/09/2016,12/09/2016,5.52E+11,4.3635,11.5521,0.026761,0.086564,1.7627
09/09/2016,09/09/2016,5.40E+11,4.2679,11.299,0.027361,0.088503,1.7627
08/09/2016,08/09/2016,5.53E+11,4.3668,11.5609,0.026741,0.086499,1.7627
07/09/2016,07/09/2016,5.67E+11,4.4843,11.872,0.02604,0.084232,1.7627
06/09/2016,06/09/2016,5.64E+11,4.457,11.7997,0.0262,0.084748,1.7627
02/09/2016,02/09/2016,5.64E+11,4.4582,11.803,0.026193,0.084724,1.7627
01/09/2016,01/09/2016,5.59E+11,4.4168,11.6934,0.026438,0.085518,1.7627
31/08/2016,31/08/2016,5.56E+11,4.3908,11.6244,0.026595,0.086026,1.7627
30/08/2016,30/08/2016,5.55E+11,4.3866,11.6135,0.02662,0.086107,1.7627
29/08/2016,29/08/2016,5.59E+11,4.4206,11.7033,0.026416,0.085446,1.7627
26/08/2016,26/08/2016,5.60E+11,4.4255,11.7164,0.026386,0.08535,1.7627
25/08/2016,25/08/2016,5.63E+11,4.4516,11.7855,0.026232,0.08485,1.7627
24/08/2016,24/08/2016,5.66E+11,4.4706,11.8359,0.02612,0.084489,1.7627
23/08/2016,23/08/2016,5.70E+11,4.5046,11.9257,0.025923,0.083853,1.7627
22/08/2016,22/08/2016,5.68E+11,4.4905,11.8885,0.026004,0.084115,1.6265
19/08/2016,19/08/2016,5.73E+11,4.5257,11.9816,0.025802,0.083461,1.6265
18/08/2016,18/08/2016,5.71E+11,4.5141,11.9509,0.025868,0.083676,1.6265
17/08/2016,17/08/2016,5.72E+11,4.5199,11.9662,0.025835,0.083568,1.6265
16/08/2016,16/08/2016,5.73E+11,4.5265,11.9838,0.025798,0.083446,1.6265
15/08/2016,15/08/2016,5.73E+11,4.5306,11.9947,0.025774,0.08337,1.6265
12/08/2016,12/08/2016,5.67E+11,4.4768,11.8523,0.026084,0.084372,1.6265
11/08/2016,11/08/2016,5.65E+11,4.4665,11.8249,0.026144,0.084567,1.6265
10/08/2016,10/08/2016,5.66E+11,4.4694,11.8326,0.026127,0.084512,1.6265
09/08/2016,09/08/2016,5.70E+11,4.5029,11.9213,0.025933,0.083883,1.6265
08/08/2016,08/08/2016,5.67E+11,4.4847,11.8731,0.026038,0.084224,1.6265
05/08/2016,05/08/2016,5.63E+11,4.4479,11.7756,0.026254,0.084921,1.6265
04/08/2016,04/08/2016,5.54E+11,4.3812,11.5992,0.026653,0.086213,1.6265
03/08/2016,03/08/2016,5.51E+11,4.3543,11.528,0.026321,0.086745,1.6265
02/08/2016,02/08/2016,5.44E+11,4.3004,11.3852,0.026651,0.087833,1.6265
01/08/2016,01/08/2016,5.52E+11,4.3651,11.5563,0.026256,0.086533,1.6265
29/07/2016,29/07/2016,5.43E+11,4.2893,11.3558,0.02672,0.088061,1.6265
28/07/2016,28/07/2016,5.43E+11,4.2947,11.37,0.026687,0.087951,1.6265
27/07/2016,27/07/2016,5.36E+11,4.2375,11.2185,0.027047,0.089138,1.6265
26/07/2016,26/07/2016,5.04E+11,3.979,10.5342,0.028804,0.094929,1.6265
25/07/2016,25/07/2016,5.07E+11,4.0065,10.6072,0.028606,0.094276,1.6265
22/07/2016,22/07/2016,5.14E+11,4.0609,10.751,0.028223,0.093014,1.6265
21/07/2016,21/07/2016,5.18E+11,4.0926,10.8349,0.028004,0.092294,1.5961
20/07/2016,20/07/2016,5.21E+11,4.1144,10.8927,0.027856,0.091805,1.5961
19/07/2016,19/07/2016,5.20E+11,4.1107,10.8829,0.027881,0.091887,1.5961
18/07/2016,18/07/2016,5.20E+11,4.109,10.8785,0.027892,0.091924,1.5961
15/07/2016,15/07/2016,5.14E+11,4.0658,10.7641,0.028189,0.092901,1.5961
14/07/2016,14/07/2016,5.15E+11,4.0662,10.7652,0.028186,0.092892,1.5961
13/07/2016,13/07/2016,5.05E+11,3.9872,10.556,0.028745,0.094733,1.5961
12/07/2016,12/07/2016,5.07E+11,4.0098,10.6159,0.028582,0.094198,1.5961
11/07/2016,11/07/2016,5.05E+11,3.9917,10.568,0.028712,0.094626,1.5961
08/07/2016,08/07/2016,5.04E+11,3.9794,10.5353,0.028801,0.094919,1.5961
07/07/2016,07/07/2016,5.00E+11,3.9489,10.4546,0.029023,0.095651,1.5961
06/07/2016,06/07/2016,4.98E+11,3.932,10.41,0.029148,0.096062,1.5961
05/07/2016,05/07/2016,4.95E+11,3.9098,10.3511,0.029313,0.096608,1.5961
01/07/2016,01/07/2016,4.99E+11,3.9469,10.4492,0.029038,0.095701,1.5961
30/06/2016,30/06/2016,4.98E+11,3.9349,10.4176,0.029126,0.095992,1.5961
29/06/2016,29/06/2016,4.92E+11,3.8855,10.2868,0.029497,0.097212,1.5961
28/06/2016,28/06/2016,4.87E+11,3.8522,10.1986,0.029752,0.098053,1.5961
27/06/2016,27/06/2016,4.79E+11,3.7884,10.0297,0.030253,0.099704,1.5961
24/06/2016,24/06/2016,4.93E+11,3.7754,9.7187,0.029812,0.102894,1.5961
23/06/2016,23/06/2016,5.07E+11,3.8845,9.9997,0.028975,0.100003,1.5961
22/06/2016,22/06/2016,5.04E+11,3.8623,9.9424,0.029142,0.100579,1.5961
21/06/2016,21/06/2016,5.06E+11,3.8768,9.9799,0.029032,0.100202,1.5961
20/06/2016,20/06/2016,5.01E+11,3.8441,9.8956,0.029279,0.101055,1.48
17/06/2016,17/06/2016,5.03E+11,3.8534,9.9195,0.029209,0.100811,1.48
16/06/2016,16/06/2016,5.14E+11,3.9431,10.1505,0.028544,0.098517,1.48
15/06/2016,15/06/2016,5.12E+11,3.9266,10.1079,0.028665,0.098933,1.48
14/06/2016,14/06/2016,5.14E+11,3.9395,10.1412,0.02857,0.098608,1.48
13/06/2016,13/06/2016,5.13E+11,3.9346,10.1287,0.028606,0.09873,1.48
10/06/2016,10/06/2016,5.21E+11,3.9949,10.2837,0.028174,0.097241,1.48
09/06/2016,09/06/2016,5.25E+11,4.028,10.369,0.027943,0.096441,1.48
08/06/2016,08/06/2016,5.22E+11,3.9993,10.2952,0.028143,0.097133,1.48
07/06/2016,07/06/2016,5.22E+11,4.003,10.3045,0.028118,0.097045,1.48
06/06/2016,06/06/2016,5.20E+11,3.9868,10.2629,0.028232,0.097438,1.48
03/06/2016,03/06/2016,5.16E+11,3.9581,10.189,0.028436,0.098145,1.48
02/06/2016,02/06/2016,5.15E+11,3.95,10.1682,0.028494,0.098346,1.48
01/06/2016,01/06/2016,5.19E+11,3.9799,10.2452,0.02828,0.097606,1.48
31/05/2016,31/05/2016,5.27E+11,4.0365,10.3909,0.027884,0.096238,1.48
27/05/2016,27/05/2016,5.29E+11,4.0563,10.4419,0.027748,0.095768,1.48
26/05/2016,26/05/2016,5.29E+11,4.0587,10.4481,0.027731,0.095711,1.48
25/05/2016,25/05/2016,5.25E+11,4.0268,10.3659,0.027951,0.09647,1.48
24/05/2016,24/05/2016,5.16E+11,3.9573,10.187,0.028442,0.098165,1.48
23/05/2016,23/05/2016,5.09E+11,3.8979,10.034,0.028876,0.099661,1.48
20/05/2016,20/05/2016,5.02E+11,3.8489,9.9081,0.029243,0.100928,1.48
19/05/2016,19/05/2016,4.97E+11,3.8077,9.8019,0.029559,0.102021,1.48
18/05/2016,18/05/2016,4.99E+11,3.8223,9.8394,0.029447,0.101632,1.5054
17/05/2016,17/05/2016,4.93E+11,3.779,9.7281,0.029784,0.102795,1.5054
16/05/2016,16/05/2016,4.95E+11,3.7948,9.7687,0.02966,0.102368,1.5054
13/05/2016,13/05/2016,4.77E+11,3.659,9.419,0.030761,0.106168,1.5054
12/05/2016,12/05/2016,4.76E+11,3.6517,9.4003,0.030822,0.10638,1.5054
11/05/2016,11/05/2016,4.88E+11,3.7394,9.6261,0.030099,0.103884,1.5054
10/05/2016,10/05/2016,4.93E+11,3.7762,9.7208,0.029806,0.102872,1.5054
09/05/2016,09/05/2016,4.89E+11,3.7507,9.6552,0.030008,0.103571,1.5054
06/05/2016,06/05/2016,4.89E+11,3.7479,9.6479,0.030031,0.103649,1.5054
05/05/2016,05/05/2016,4.92E+11,3.7689,9.7021,0.029864,0.103071,1.5054
04/05/2016,04/05/2016,4.94E+11,3.7843,9.7416,0.02862,0.102653,1.5054
03/05/2016,03/05/2016,4.99E+11,3.824,9.844,0.028322,0.101585,1.5054
02/05/2016,02/05/2016,4.91E+11,3.7622,9.6847,0.028788,0.103256,1.5054
29/04/2016,29/04/2016,4.91E+11,3.7662,9.6951,0.028757,0.103145,1.5054
28/04/2016,28/04/2016,4.97E+11,3.81,9.8078,0.028427,0.10196,1.5054
27/04/2016,27/04/2016,5.13E+11,3.9301,10.117,0.027558,0.098843,1.5054
26/04/2016,26/04/2016,5.47E+11,4.1925,10.7924,0.025833,0.092658,1.5054
25/04/2016,25/04/2016,5.51E+11,4.2218,10.8679,0.025654,0.092014,1.5054
22/04/2016,22/04/2016,5.54E+11,4.2459,10.9299,0.025508,0.091492,1.5054
21/04/2016,21/04/2016,5.55E+11,4.2576,10.9599,0.025439,0.091241,1.5054
20/04/2016,20/04/2016,5.62E+11,4.3042,11.0799,0.025163,0.090253,1.5054
19/04/2016,19/04/2016,5.60E+11,4.2953,11.0572,0.025215,0.090439,1.5054
18/04/2016,18/04/2016,5.63E+11,4.3182,11.1161,0.025081,0.089959,1.457
15/04/2016,15/04/2016,5.76E+11,4.4134,11.3612,0.02454,0.088019,1.457
14/04/2016,14/04/2016,5.88E+11,4.5038,11.5939,0.024047,0.086252,1.457
13/04/2016,13/04/2016,5.87E+11,4.5014,11.5877,0.02406,0.086298,1.457
12/04/2016,12/04/2016,5.79E+11,4.4371,11.4223,0.024409,0.087548,1.457
11/04/2016,11/04/2016,5.71E+11,4.3801,11.2754,0.024727,0.088689,1.457
08/04/2016,08/04/2016,5.70E+11,4.3656,11.2382,0.024809,0.088983,1.457
07/04/2016,07/04/2016,5.69E+11,4.3608,11.2257,0.024836,0.089081,1.457
06/04/2016,06/04/2016,5.82E+11,4.458,11.476,0.024295,0.087138,1.457
05/04/2016,05/04/2016,5.76E+11,4.4118,11.3571,0.024549,0.088051,1.457
04/04/2016,04/04/2016,5.82E+11,4.4645,11.4926,0.02426,0.087013,1.457
01/04/2016,01/04/2016,5.76E+11,4.4191,11.3757,0.024509,0.087907,1.457
31/03/2016,31/03/2016,5.71E+11,4.3789,11.2723,0.024734,0.088713,1.457
30/03/2016,30/03/2016,5.74E+11,4.4018,11.3312,0.024605,0.088252,1.457
29/03/2016,29/03/2016,5.64E+11,4.3263,11.1368,0.025035,0.089792,1.457
28/03/2016,28/03/2016,5.51E+11,4.2262,10.8793,0.025627,0.091918,1.457
24/03/2016,24/03/2016,5.59E+11,4.3595,10.407,0.025511,0.096089,1.457
23/03/2016,23/03/2016,5.62E+11,4.3785,10.4523,0.0254,0.095673,1.457
22/03/2016,22/03/2016,5.65E+11,4.4028,10.5104,0.02526,0.095144,1.457
21/03/2016,21/03/2016,5.60E+11,4.3694,10.4306,0.025453,0.095872,1.457
18/03/2016,18/03/2016,5.61E+11,4.3698,10.4316,0.025451,0.095863,1.457
17/03/2016,17/03/2016,5.60E+11,4.3648,10.4198,0.025479,0.095971,1.4719
16/03/2016,16/03/2016,5.61E+11,4.3719,10.4365,0.025439,0.095817,1.4719
15/03/2016,15/03/2016,5.53E+11,4.3145,10.2996,0.025777,0.097091,1.4719
14/03/2016,14/03/2016,5.43E+11,4.2295,10.0968,0.026295,0.099042,1.4719
11/03/2016,11/03/2016,5.41E+11,4.2188,10.0711,0.026361,0.099294,1.4719
10/03/2016,10/03/2016,5.35E+11,4.1738,9.9638,0.026645,0.100363,1.4719
09/03/2016,09/03/2016,5.35E+11,4.1718,9.9589,0.026659,0.100413,1.4719
08/03/2016,08/03/2016,5.35E+11,4.1681,9.95,0.026682,0.100502,1.4719
07/03/2016,07/03/2016,5.39E+11,4.2027,10.0327,0.026462,0.099674,1.4719
04/03/2016,04/03/2016,5.45E+11,4.2497,10.145,0.026169,0.098571,1.4719
03/03/2016,03/03/2016,5.37E+11,4.1874,9.9963,0.026559,0.100037,1.4719
02/03/2016,02/03/2016,5.33E+11,4.1565,9.9224,0.026757,0.100782,1.4719
01/03/2016,01/03/2016,5.32E+11,4.1474,9.9008,0.026815,0.101002,1.4719
29/02/2016,29/02/2016,5.12E+11,3.989,9.5226,0.02788,0.105014,1.4719
26/02/2016,26/02/2016,5.13E+11,3.9981,9.5442,0.027817,0.104775,1.4719
25/02/2016,25/02/2016,5.12E+11,3.9919,9.5295,0.02786,0.104938,1.4719
24/02/2016,24/02/2016,5.09E+11,3.9647,9.4645,0.028051,0.105658,1.4719
23/02/2016,23/02/2016,5.01E+11,3.9065,9.3256,0.028469,0.107232,1.4719
22/02/2016,22/02/2016,5.13E+11,3.9968,9.5413,0.027825,0.104808,1.4719
19/02/2016,19/02/2016,5.08E+11,3.9622,9.4586,0.028069,0.105724,1.4719
18/02/2016,18/02/2016,5.09E+11,3.9713,9.4802,0.028005,0.105483,1.4719
17/02/2016,17/02/2016,5.19E+11,4.048,9.6634,0.027474,0.103483,1.4719
16/02/2016,16/02/2016,5.11E+11,3.9869,9.5177,0.027894,0.105068,1.4054
12/02/2016,12/02/2016,4.97E+11,3.8776,9.2567,0.028681,0.10803,1.4054
11/02/2016,11/02/2016,4.96E+11,3.8657,9.2281,0.02877,0.108365,1.4054
10/02/2016,10/02/2016,4.99E+11,3.8892,9.2842,0.028596,0.107709,1.4054
09/02/2016,09/02/2016,5.03E+11,3.9189,9.3552,0.028379,0.106893,1.4054
08/02/2016,08/02/2016,5.03E+11,3.9197,9.3571,0.028373,0.10687,1.4054
05/02/2016,05/02/2016,4.98E+11,3.8789,9.2596,0.028672,0.107996,1.4054
04/02/2016,04/02/2016,5.11E+11,3.9853,9.5137,0.027906,0.105111,1.4054
03/02/2016,03/02/2016,5.07E+11,3.9535,9.4379,0.027579,0.105956,1.4054
02/02/2016,02/02/2016,4.97E+11,3.8768,9.2547,0.028124,0.108053,1.4054
01/02/2016,01/02/2016,5.08E+11,3.9568,9.4457,0.027556,0.105868,1.4054
29/01/2016,29/01/2016,5.12E+11,3.9941,9.5349,0.027298,0.104878,1.4054
28/01/2016,28/01/2016,4.95E+11,3.8608,9.2165,0.028241,0.108501,1.4054
27/01/2016,27/01/2016,4.92E+11,3.8333,9.1509,0.028444,0.109279,1.4054
26/01/2016,26/01/2016,5.26E+11,4.1029,9.7944,0.026575,0.102099,1.4054
25/01/2016,25/01/2016,5.23E+11,4.0803,9.7406,0.026722,0.102664,1.4054
22/01/2016,22/01/2016,5.34E+11,4.1616,9.9345,0.0262,0.100659,1.4054
21/01/2016,21/01/2016,5.07E+11,3.9515,9.433,0.027593,0.106011,1.4054
20/01/2016,20/01/2016,5.09E+11,3.9716,9.481,0.027453,0.105474,1.4054
19/01/2016,19/01/2016,5.09E+11,3.9662,9.4682,0.02749,0.105616,1.4054
15/01/2016,15/01/2016,5.11E+11,3.9855,9.5143,0.027357,0.105105,1.4054
14/01/2016,14/01/2016,5.24E+11,4.0836,9.7484,0.0267,0.102581,1.4054
13/01/2016,13/01/2016,5.13E+11,3.9962,9.5398,0.027284,0.104825,1.4054
12/01/2016,12/01/2016,5.26E+11,4.1017,9.7915,0.026583,0.102129,1.2384
11/01/2016,11/01/2016,5.19E+11,4.043,9.6514,0.026968,0.103612,1.2384
08/01/2016,08/01/2016,5.10E+11,3.9786,9.4976,0.027405,0.105289,1.2384
07/01/2016,07/01/2016,5.08E+11,3.9576,9.4477,0.02755,0.105846,1.2384
06/01/2016,06/01/2016,5.30E+11,4.132,9.864,0.026387,0.101379,1.2384
05/01/2016,05/01/2016,5.41E+11,4.2145,10.0609,0.025871,0.099395,1.2384
04/01/2016,04/01/2016,5.54E+11,4.3228,10.3195,0.025223,0.096904,1.2384
31/12/2015,31/12/2015,5.54E+11,4.3191,10.3107,0.025244,0.096987,1.2384
30/12/2015,30/12/2015,5.65E+11,4.4037,10.5124,0.02476,0.095125,1.2384
29/12/2015,29/12/2015,5.72E+11,4.4619,10.6515,0.024436,0.093883,1.2384
28/12/2015,28/12/2015,5.62E+11,4.3831,10.4635,0.024876,0.095571,1.2384
24/12/2015,24/12/2015,5.89E+11,4.9332,11.0275,0.024597,0.090683,1.2384
23/12/2015,23/12/2015,5.92E+11,4.9597,11.0867,0.024466,0.090198,1.2384
22/12/2015,22/12/2015,5.84E+11,4.8967,10.9458,0.02478,0.091359,1.2384
21/12/2015,21/12/2015,5.85E+11,4.9012,10.956,0.024757,0.091274,1.2384
18/12/2015,18/12/2015,5.78E+11,4.8419,10.8233,0.025061,0.092393,1.2384
17/12/2015,17/12/2015,5.94E+11,4.9766,11.1244,0.024382,0.089892,1.2384
16/12/2015,16/12/2015,6.07E+11,5.0843,11.3654,0.023866,0.087987,1.2384
15/12/2015,15/12/2015,6.02E+11,5.0455,11.2786,0.024049,0.088664,1.2384
14/12/2015,14/12/2015,6.13E+11,5.1364,11.4817,0.023624,0.087095,1.2384
11/12/2015,11/12/2015,6.17E+11,5.1684,11.5532,0.023478,0.086556,1.2063
10/12/2015,10/12/2015,6.33E+11,5.3049,11.8584,0.022873,0.084329,1.2063
09/12/2015,09/12/2015,6.30E+11,5.2798,11.8022,0.022982,0.08473,1.2063
08/12/2015,08/12/2015,6.44E+11,5.399,12.0687,0.022475,0.082859,1.2063
07/12/2015,07/12/2015,6.45E+11,5.4013,12.0738,0.022465,0.082824,1.2063
04/12/2015,04/12/2015,6.49E+11,5.4355,12.1503,0.022324,0.082302,1.2063
03/12/2015,03/12/2015,6.28E+11,5.2606,11.7594,0.023066,0.085039,1.2063
02/12/2015,02/12/2015,6.34E+11,5.3099,11.8696,0.022852,0.084249,1.2063
01/12/2015,01/12/2015,6.40E+11,5.3583,11.9778,0.022645,0.083488,1.2063
30/11/2015,30/11/2015,6.45E+11,5.4022,12.0758,0.022462,0.08281,1.2063
27/11/2015,27/11/2015,6.42E+11,5.3798,12.0258,0.022555,0.083155,1.2063
25/11/2015,25/11/2015,6.43E+11,5.3898,12.0483,0.022513,0.083,1.2063
24/11/2015,24/11/2015,6.48E+11,5.4287,12.135,0.022352,0.082406,1.2063
23/11/2015,23/11/2015,6.42E+11,5.3771,12.0197,0.022566,0.083197,1.2063
20/11/2015,20/11/2015,6.50E+11,5.4478,12.1779,0.022273,0.082116,1.2063
19/11/2015,19/11/2015,6.47E+11,5.4241,12.1248,0.022371,0.082476,1.2063
18/11/2015,18/11/2015,6.39E+11,5.356,11.9727,0.022655,0.083523,1.2063
17/11/2015,17/11/2015,6.20E+11,5.1917,11.6052,0.023372,0.086168,1.2063
16/11/2015,16/11/2015,6.22E+11,5.2138,11.6547,0.023273,0.085802,1.2063
13/11/2015,13/11/2015,6.12E+11,5.13,11.4674,0.023653,0.087204,1.2063
12/11/2015,12/11/2015,6.31E+11,5.2844,11.8125,0.022962,0.084656,1.2063
11/11/2015,11/11/2015,6.33E+11,5.3022,11.8523,0.022885,0.084372,1.2063
10/11/2015,10/11/2015,6.36E+11,5.3323,11.9196,0.022756,0.083895,1.2114
09/11/2015,09/11/2015,6.57E+11,5.5058,12.3075,0.022039,0.081251,1.2114
06/11/2015,06/11/2015,6.60E+11,5.5282,12.3575,0.021949,0.080922,1.2114
05/11/2015,05/11/2015,6.59E+11,5.5218,12.3433,0.021975,0.081016,1.2114
04/11/2015,04/11/2015,6.62E+11,5.5474,12.4004,0.021436,0.080642,1.2114
03/11/2015,03/11/2015,6.65E+11,5.5733,12.4584,0.021336,0.080267,1.2114
02/11/2015,02/11/2015,6.58E+11,5.5101,12.3171,0.021581,0.081188,1.2114
30/10/2015,30/10/2015,6.49E+11,5.4337,12.1463,0.021885,0.08233,1.2114
29/10/2015,29/10/2015,6.54E+11,5.4805,12.251,0.021698,0.081626,1.2114
28/10/2015,28/10/2015,6.47E+11,5.4233,12.1229,0.021927,0.082488,1.2114
27/10/2015,27/10/2015,6.22E+11,5.2086,11.6432,0.02283,0.085887,1.2114
26/10/2015,26/10/2015,6.26E+11,5.2418,11.7174,0.022686,0.085343,1.2114
23/10/2015,23/10/2015,6.46E+11,5.4146,12.1036,0.021962,0.08262,1.2114
22/10/2015,22/10/2015,6.27E+11,5.2518,11.7397,0.022642,0.085181,1.2114
21/10/2015,21/10/2015,6.17E+11,5.1727,11.5629,0.022989,0.086484,1.2114
20/10/2015,20/10/2015,6.17E+11,5.1732,11.5639,0.022987,0.086476,1.2114
19/10/2015,19/10/2015,6.06E+11,5.0804,11.3565,0.023406,0.088055,1.2114
16/10/2015,16/10/2015,6.03E+11,5.049,11.2864,0.023552,0.088602,1.2114
15/10/2015,15/10/2015,6.07E+11,5.0863,11.3698,0.023379,0.087953,1.2114
14/10/2015,14/10/2015,5.98E+11,5.0113,11.2021,0.023729,0.089269,1.2114
13/10/2015,13/10/2015,6.07E+11,5.0831,11.3626,0.023394,0.088008,1.2114
12/10/2015,12/10/2015,6.06E+11,5.0745,11.3433,0.023434,0.088157,1.2114
09/10/2015,09/10/2015,6.08E+11,5.0981,11.3962,0.023325,0.087749,1.2114
08/10/2015,08/10/2015,5.94E+11,4.979,11.1299,0.023883,0.089848,1.252
07/10/2015,07/10/2015,6.01E+11,5.0372,11.26,0.023607,0.08881,1.252
06/10/2015,06/10/2015,6.04E+11,5.0613,11.3139,0.023495,0.088387,1.252
05/10/2015,05/10/2015,6.01E+11,5.0372,11.26,0.023607,0.08881,1.252
02/10/2015,02/10/2015,5.99E+11,5.019,11.2193,0.023693,0.089132,1.252
01/10/2015,01/10/2015,5.95E+11,4.9826,11.138,0.023866,0.089783,1.252
30/09/2015,30/09/2015,5.97E+11,4.9995,11.1756,0.023785,0.08948,1.252
29/09/2015,29/09/2015,5.92E+11,4.959,11.0852,0.02398,0.090211,1.252
28/09/2015,28/09/2015,6.10E+11,5.1127,11.4287,0.023259,0.087499,1.252
25/09/2015,25/09/2015,6.20E+11,4.9365,12.2277,0.022798,0.081781,1.252
24/09/2015,24/09/2015,6.22E+11,4.9489,12.2586,0.022741,0.081575,1.252
23/09/2015,23/09/2015,6.18E+11,4.9197,12.1862,0.022876,0.08206,1.252
22/09/2015,22/09/2015,6.13E+11,4.8801,12.0881,0.023062,0.082726,1.252
21/09/2015,21/09/2015,6.23E+11,4.958,12.281,0.022699,0.081426,1.252
18/09/2015,18/09/2015,6.14E+11,4.8822,12.0934,0.023052,0.08269,1.252
17/09/2015,17/09/2015,6.16E+11,4.9025,12.1435,0.022957,0.082348,1.252
16/09/2015,16/09/2015,6.30E+11,5.0096,12.4089,0.022465,0.080587,1.252
15/09/2015,15/09/2015,6.29E+11,5.004,12.3951,0.022491,0.080677,1.252
14/09/2015,14/09/2015,6.24E+11,4.9623,12.2917,0.02268,0.081356,1.252
11/09/2015,11/09/2015,6.18E+11,4.9149,12.1744,0.022898,0.082139,1.252
10/09/2015,10/09/2015,6.09E+11,4.8444,11.9996,0.023232,0.083336,1.4303
09/09/2015,09/09/2015,5.96E+11,4.7402,11.7416,0.023742,0.085167,1.4303
08/09/2015,08/09/2015,6.07E+11,4.8332,11.9719,0.023286,0.083529,1.4303
04/09/2015,04/09/2015,5.91E+11,4.7023,11.6478,0.023933,0.085853,1.4303
03/09/2015,03/09/2015,5.97E+11,4.7497,11.7651,0.023695,0.084997,1.4303
02/09/2015,02/09/2015,6.08E+11,4.8345,11.9751,0.023279,0.083507,1.4303
01/09/2015,01/09/2015,5.83E+11,4.6356,11.4826,0.024278,0.087088,1.4303
31/08/2015,31/08/2015,6.10E+11,4.8525,12.0199,0.023193,0.083196,1.4303
28/08/2015,28/08/2015,6.13E+11,4.8753,12.0764,0.023084,0.082806,1.4303
27/08/2015,27/08/2015,6.11E+11,4.8594,12.0369,0.02316,0.083078,1.4303
26/08/2015,26/08/2015,5.93E+11,4.7204,11.6926,0.023842,0.085524,1.4303
25/08/2015,25/08/2015,5.61E+11,4.4644,11.0584,0.025209,0.090429,1.4303
24/08/2015,24/08/2015,5.58E+11,4.4377,10.9923,0.025361,0.090973,1.4303
21/08/2015,21/08/2015,5.72E+11,4.5513,11.2737,0.024728,0.088702,1.4303
20/08/2015,20/08/2015,6.09E+11,4.8478,12.0081,0.023215,0.083277,1.4303
19/08/2015,19/08/2015,6.22E+11,4.9494,12.2597,0.022739,0.081568,1.4303
18/08/2015,18/08/2015,6.30E+11,5.0135,12.4185,0.022448,0.080525,1.4303
17/08/2015,17/08/2015,6.34E+11,5.0419,12.4889,0.022322,0.080071,1.4303
14/08/2015,14/08/2015,6.27E+11,4.9902,12.361,0.022553,0.0809,1.4303
13/08/2015,13/08/2015,6.23E+11,4.9554,12.2746,0.022711,0.081469,1.4303
12/08/2015,12/08/2015,6.23E+11,4.9593,12.2842,0.022694,0.081405,1.4303
11/08/2015,11/08/2015,6.14E+11,4.8839,12.0977,0.023043,0.08266,1.4303
10/08/2015,10/08/2015,6.47E+11,5.1521,12.7618,0.021844,0.078359,1.4303
07/08/2015,07/08/2015,6.25E+11,4.9713,12.3141,0.022639,0.081208,1.4747
06/08/2015,06/08/2015,6.23E+11,4.9545,12.2725,0.022715,0.081483,1.4747
05/08/2015,05/08/2015,6.21E+11,4.9438,12.2459,0.0223,0.08166,1.4747
04/08/2015,04/08/2015,6.17E+11,4.9112,12.1652,0.022448,0.082202,1.4747
03/08/2015,03/08/2015,6.38E+11,5.074,12.5684,0.021728,0.079564,1.4747
31/07/2015,31/07/2015,6.53E+11,5.1965,12.8719,0.021215,0.077688,1.4747
30/07/2015,30/07/2015,6.59E+11,5.2424,12.9855,0.02103,0.077009,1.4747
29/07/2015,29/07/2015,6.62E+11,5.2689,13.0513,0.020924,0.076621,1.4747
28/07/2015,28/07/2015,6.64E+11,5.2856,13.0927,0.020858,0.076379,1.4747
27/07/2015,27/07/2015,6.61E+11,5.2595,13.0279,0.020961,0.076758,1.4747
24/07/2015,24/07/2015,6.70E+11,5.3336,13.2115,0.02067,0.075692,1.4747
23/07/2015,23/07/2015,6.74E+11,5.3619,13.2815,0.020561,0.075292,1.4747
22/07/2015,22/07/2015,6.74E+11,5.3645,13.2879,0.020551,0.075256,1.4747
21/07/2015,21/07/2015,7.04E+11,5.6014,13.8747,0.019682,0.072073,1.4747
20/07/2015,20/07/2015,7.11E+11,5.6579,14.0148,0.019485,0.071353,1.4747
17/07/2015,17/07/2015,6.98E+11,5.553,13.7548,0.019854,0.072702,1.4747
16/07/2015,16/07/2015,6.92E+11,5.5054,13.637,0.020025,0.07333,1.4747
15/07/2015,15/07/2015,6.83E+11,5.433,13.4577,0.020292,0.074307,1.4747
14/07/2015,14/07/2015,6.76E+11,5.3812,13.3293,0.020487,0.075023,1.4747
13/07/2015,13/07/2015,6.77E+11,5.3833,13.3346,0.020479,0.074993,1.4747
10/07/2015,10/07/2015,6.64E+11,5.2813,13.082,0.020875,0.076441,1.4747
09/07/2015,09/07/2015,6.46E+11,5.1438,12.7414,0.021433,0.078484,1.4747
08/07/2015,08/07/2015,6.60E+11,5.2509,13.0067,0.020996,0.076883,1.4245
07/07/2015,07/07/2015,6.77E+11,5.3846,13.3378,0.020474,0.074975,1.4245
06/07/2015,06/07/2015,6.78E+11,5.3979,13.3707,0.020424,0.07479,1.4245
02/07/2015,02/07/2015,6.81E+11,5.4167,13.4174,0.020353,0.07453,1.4245
01/07/2015,01/07/2015,6.82E+11,5.4236,13.4344,0.020327,0.074436,1.4245
30/06/2015,30/06/2015,6.75E+11,5.3732,13.3097,0.020518,0.075133,1.4245
29/06/2015,29/06/2015,6.70E+11,5.3349,13.2147,0.020665,0.075673,1.4245
26/06/2015,26/06/2015,6.90E+11,5.3465,14.427,0.020303,0.069314,1.4245
25/06/2015,25/06/2015,6.94E+11,5.3781,14.5124,0.020184,0.068907,1.4245
24/06/2015,24/06/2015,6.97E+11,5.4038,14.5818,0.020088,0.068579,1.4245
23/06/2015,23/06/2015,6.91E+11,5.3583,14.4589,0.020258,0.069162,1.4245
22/06/2015,22/06/2015,6.94E+11,5.3827,14.5249,0.020166,0.068847,1.4245
19/06/2015,19/06/2015,6.89E+11,5.3401,14.4099,0.020327,0.069397,1.4245
18/06/2015,18/06/2015,6.96E+11,5.3941,14.5556,0.020124,0.068702,1.4245
17/06/2015,17/06/2015,6.93E+11,5.3697,14.4896,0.020215,0.069015,1.4245
16/06/2015,16/06/2015,6.94E+11,5.3823,14.5238,0.020168,0.068853,1.4245
15/06/2015,15/06/2015,6.91E+11,5.3536,14.4464,0.020276,0.069222,1.4245
12/06/2015,12/06/2015,6.92E+11,5.3642,14.4748,0.020236,0.069085,1.4245
11/06/2015,11/06/2015,7.00E+11,5.4241,14.6365,0.020013,0.068323,1.4245
10/06/2015,10/06/2015,7.01E+11,5.4363,14.6695,0.019968,0.068169,1.4245
09/06/2015,09/06/2015,6.93E+11,5.3747,14.5033,0.020196,0.06895,1.4245
08/06/2015,08/06/2015,6.95E+11,5.3908,14.5465,0.020136,0.068745,1.5436
05/06/2015,05/06/2015,7.00E+11,5.4266,14.6433,0.020003,0.068291,1.5436
04/06/2015,04/06/2015,7.04E+11,5.4566,14.7241,0.019894,0.067916,1.5436
03/06/2015,03/06/2015,7.08E+11,5.4886,14.8106,0.019777,0.067519,1.5436
02/06/2015,02/06/2015,7.07E+11,5.4819,14.7924,0.019802,0.067602,1.5436
01/06/2015,01/06/2015,7.10E+11,5.5061,14.8578,0.019714,0.067305,1.5436
29/05/2015,29/05/2015,7.09E+11,5.4954,14.8288,0.019753,0.067436,1.5436
28/05/2015,28/05/2015,7.17E+11,5.5586,14.9995,0.019528,0.066669,1.5436
27/05/2015,27/05/2015,7.19E+11,5.5698,15.0297,0.019489,0.066535,1.5436
26/05/2015,26/05/2015,7.05E+11,5.4675,14.7537,0.019854,0.06778,1.5436
22/05/2015,22/05/2015,7.21E+11,5.5907,15.0861,0.019416,0.066286,1.5436
21/05/2015,21/05/2015,7.15E+11,5.5422,14.9552,0.019586,0.066867,1.5436
20/05/2015,20/05/2015,7.08E+11,5.4861,14.8038,0.019786,0.06755,1.5436
19/05/2015,19/05/2015,7.08E+11,5.4865,14.8049,0.019785,0.067545,1.5436
18/05/2015,18/05/2015,7.08E+11,5.4916,14.8186,0.019767,0.067483,1.5436
15/05/2015,15/05/2015,7.01E+11,5.4317,14.6569,0.019985,0.068227,1.5436
14/05/2015,14/05/2015,7.02E+11,5.4393,14.6774,0.019957,0.068132,1.5436
13/05/2015,13/05/2015,6.86E+11,5.3153,14.3428,0.020422,0.069721,1.5436
12/05/2015,12/05/2015,6.85E+11,5.3091,14.3263,0.020446,0.069802,1.5436
11/05/2015,11/05/2015,6.87E+11,5.3283,14.3781,0.020372,0.06955,1.5436
08/05/2015,08/05/2015,6.94E+11,5.3832,14.526,0.020165,0.068842,1.5436
07/05/2015,07/05/2015,6.82E+11,5.2836,14.2574,0.020545,0.070139,1.5436
06/05/2015,06/05/2015,6.77E+11,5.2511,14.1698,0.019946,0.070573,1.5436
05/05/2015,05/05/2015,6.82E+11,5.2843,14.2593,0.01982,0.07013,1.4723
04/05/2015,04/05/2015,6.97E+11,5.4061,14.588,0.019374,0.068549,1.4723
01/05/2015,01/05/2015,6.99E+11,5.4166,14.6164,0.019336,0.068416,1.4723
30/04/2015,30/04/2015,6.78E+11,5.257,14.1856,0.019923,0.070494,1.4723
29/04/2015,29/04/2015,6.97E+11,5.4036,14.5812,0.019383,0.068581,1.4723
28/04/2015,28/04/2015,7.08E+11,5.4843,14.7989,0.019098,0.067573,1.4723
27/04/2015,27/04/2015,7.19E+11,5.5721,15.0358,0.018797,0.066508,1.4723
24/04/2015,24/04/2015,7.06E+11,5.4725,14.7671,0.019139,0.067718,1.4723
23/04/2015,23/04/2015,7.03E+11,5.4469,14.698,0.019229,0.068037,1.4723
22/04/2015,22/04/2015,6.97E+11,5.4028,14.579,0.019386,0.068592,1.4723
21/04/2015,21/04/2015,6.88E+11,5.331,14.3851,0.019647,0.069516,1.4723
20/04/2015,20/04/2015,6.91E+11,5.3599,14.4634,0.019541,0.06914,1.4723
17/04/2015,17/04/2015,6.76E+11,5.2402,14.1403,0.019987,0.07072,1.4723
16/04/2015,16/04/2015,6.84E+11,5.2999,14.3013,0.019762,0.069924,1.4723
15/04/2015,15/04/2015,6.87E+11,5.3255,14.3704,0.019667,0.069587,1.4723
14/04/2015,14/04/2015,6.84E+11,5.3053,14.316,0.019742,0.069852,1.4723
13/04/2015,13/04/2015,6.87E+11,5.3284,14.3783,0.019656,0.069549,1.4723
10/04/2015,10/04/2015,6.89E+11,5.3389,14.4067,0.019618,0.069412,1.4723
09/04/2015,09/04/2015,6.86E+11,5.3163,14.3455,0.019701,0.069708,1.4723
08/04/2015,08/04/2015,6.81E+11,5.2759,14.2367,0.019852,0.070241,1.4723
07/04/2015,07/04/2015,6.83E+11,5.2931,14.2831,0.019787,0.070013,1.4723
06/04/2015,06/04/2015,6.90E+11,5.3494,14.435,0.019579,0.069276,1.447
02/04/2015,02/04/2015,6.79E+11,5.2642,14.2049,0.019896,0.070398,1.447
01/04/2015,01/04/2015,6.73E+11,5.2192,14.0836,0.020068,0.071004,1.447
31/03/2015,31/03/2015,6.74E+11,5.2268,14.104,0.020039,0.070902,1.447
30/03/2015,30/03/2015,6.85E+11,5.3083,14.3239,0.019731,0.069813,1.447
27/03/2015,27/03/2015,6.73E+11,5.4591,15.1425,0.020231,0.066039,1.447
26/03/2015,26/03/2015,6.79E+11,5.503,15.2641,0.020069,0.065513,1.447
25/03/2015,25/03/2015,6.74E+11,5.4649,15.1585,0.020209,0.06597,1.447
24/03/2015,24/03/2015,6.92E+11,5.6115,15.5651,0.019681,0.064246,1.447
23/03/2015,23/03/2015,6.95E+11,5.6345,15.629,0.019601,0.063984,1.447
20/03/2015,20/03/2015,6.88E+11,5.5765,15.4681,0.019805,0.064649,1.447
19/03/2015,19/03/2015,6.96E+11,5.6472,15.664,0.019557,0.063841,1.447
18/03/2015,18/03/2015,7.02E+11,5.6904,15.7838,0.019408,0.063356,1.447
17/03/2015,17/03/2015,6.94E+11,5.627,15.6081,0.019627,0.064069,1.447
16/03/2015,16/03/2015,6.83E+11,5.5344,15.3513,0.019955,0.065141,1.447
13/03/2015,13/03/2015,6.75E+11,5.4742,15.1843,0.020175,0.065858,1.447
12/03/2015,12/03/2015,6.80E+11,5.5123,15.2899,0.020035,0.065403,1.447
11/03/2015,11/03/2015,6.68E+11,5.4144,15.0184,0.020398,0.066585,1.447
10/03/2015,10/03/2015,6.80E+11,5.515,15.2973,0.020026,0.065371,1.447
09/03/2015,09/03/2015,6.95E+11,5.6314,15.6204,0.019612,0.064019,1.447
06/03/2015,06/03/2015,6.92E+11,5.6075,15.5541,0.019695,0.064292,1.447
05/03/2015,05/03/2015,6.91E+11,5.5991,15.5307,0.019725,0.064389,1.447
04/03/2015,04/03/2015,7.02E+11,5.6935,15.7924,0.019398,0.063322,1.4516
03/03/2015,03/03/2015,7.07E+11,5.7298,15.8932,0.019275,0.06292,1.4516
02/03/2015,02/03/2015,7.05E+11,5.7178,15.86,0.019315,0.063052,1.4516
27/02/2015,27/02/2015,7.02E+11,5.6899,15.7826,0.01941,0.063361,1.4516
26/02/2015,26/02/2015,7.12E+11,5.7765,16.0228,0.019119,0.062411,1.4516
25/02/2015,25/02/2015,7.04E+11,5.7045,15.8231,0.01936,0.063199,1.4516
24/02/2015,24/02/2015,7.22E+11,5.8542,16.2384,0.018865,0.061582,1.4516
23/02/2015,23/02/2015,7.27E+11,5.891,16.3404,0.018747,0.061198,1.4516
20/02/2015,20/02/2015,7.07E+11,5.7358,15.9097,0.019255,0.062855,1.4516
19/02/2015,19/02/2015,7.02E+11,5.6895,15.7814,0.019412,0.063366,1.4516
18/02/2015,18/02/2015,7.03E+11,5.7012,15.8139,0.019372,0.063235,1.4516
17/02/2015,17/02/2015,6.98E+11,5.662,15.7052,0.019506,0.063673,1.4516
13/02/2015,13/02/2015,6.94E+11,5.6288,15.613,0.019621,0.064049,1.4516
12/02/2015,12/02/2015,6.91E+11,5.6013,15.5369,0.019717,0.064363,1.4516
11/02/2015,11/02/2015,6.82E+11,5.5313,15.3427,0.019966,0.065177,1.4516
10/02/2015,10/02/2015,6.67E+11,5.4047,14.9914,0.020434,0.066705,1.4516
09/02/2015,09/02/2015,6.54E+11,5.3028,14.7088,0.020827,0.067987,1.4516
06/02/2015,06/02/2015,6.50E+11,5.2678,14.6117,0.020965,0.068438,1.4516
05/02/2015,05/02/2015,6.55E+11,5.3125,14.7358,0.020789,0.067862,1.4516
04/02/2015,04/02/2015,6.51E+11,5.2749,14.6314,0.016688,0.068346,1.4516
03/02/2015,03/02/2015,6.46E+11,5.2347,14.52,0.016816,0.06887,1.4516
02/02/2015,02/02/2015,6.45E+11,5.2339,14.5176,0.016819,0.068882,1.4516
30/01/2015,30/01/2015,6.37E+11,5.169,14.3377,0.01703,0.069746,1.1443
29/01/2015,29/01/2015,6.47E+11,5.2458,14.5506,0.01678,0.068726,1.1443
28/01/2015,28/01/2015,6.27E+11,5.0874,14.1113,0.017303,0.070865,1.1443
27/01/2015,27/01/2015,5.94E+11,4.8152,13.3562,0.018281,0.074871,1.1443
26/01/2015,26/01/2015,6.15E+11,4.9899,13.8408,0.017641,0.07225,1.1443
23/01/2015,23/01/2015,6.15E+11,4.9846,13.8261,0.01766,0.072327,1.1443
22/01/2015,22/01/2015,6.12E+11,4.959,13.7552,0.017751,0.0727,1.1443
21/01/2015,21/01/2015,5.96E+11,4.8332,13.4064,0.018213,0.074591,1.1443
20/01/2015,20/01/2015,5.92E+11,4.7966,13.3048,0.018352,0.075161,1.1443
16/01/2015,16/01/2015,5.77E+11,4.6762,12.9707,0.018824,0.077097,1.1443
15/01/2015,15/01/2015,5.81E+11,4.7128,13.0723,0.018678,0.076498,1.1443
14/01/2015,14/01/2015,5.97E+11,4.8443,13.437,0.018171,0.074421,1.1443
13/01/2015,13/01/2015,6.00E+11,4.8628,13.4884,0.018102,0.074138,1.1443
12/01/2015,12/01/2015,5.94E+11,4.82,13.3697,0.018263,0.074796,1.1443
09/01/2015,09/01/2015,6.09E+11,4.9418,13.7074,0.017813,0.072953,1.1443
08/01/2015,08/01/2015,6.09E+11,4.9365,13.6928,0.017832,0.073031,1.1443
07/01/2015,07/01/2015,5.86E+11,4.7538,13.1861,0.018517,0.075837,1.1443
06/01/2015,06/01/2015,5.78E+11,4.6881,13.0038,0.018776,0.076901,1.1443
05/01/2015,05/01/2015,5.78E+11,4.6877,13.0025,0.018778,0.076908,1.1443
02/01/2015,02/01/2015,5.95E+11,4.8235,13.3795,0.018249,0.074741,1.1443
31/12/2014,31/12/2014,6.01E+11,,,,,1.1443
30/12/2014,30/12/2014,6.12E+11,,,,,1.7267
29/12/2014,29/12/2014,6.20E+11,,,,,1.7267
26/12/2014,26/12/2014,6.46E+11,,,,,1.7267
24/12/2014,24/12/2014,6.34E+11,,,,,1.7267
23/12/2014,23/12/2014,6.37E+11,,,,,1.7267
22/12/2014,22/12/2014,6.40E+11,,,,,1.7267
19/12/2014,19/12/2014,6.33E+11,,,,,1.7267
18/12/2014,18/12/2014,6.38E+11,,,,,1.7267
17/12/2014,17/12/2014,6.20E+11,,,,,1.7267
16/12/2014,16/12/2014,6.05E+11,,,,,1.7267
15/12/2014,15/12/2014,6.13E+11,,,,,1.7267
12/12/2014,12/12/2014,6.22E+11,,,,,1.7267
11/12/2014,11/12/2014,6.32E+11,,,,,1.7267
10/12/2014,10/12/2014,6.34E+11,,,,,1.7267
09/12/2014,09/12/2014,6.46E+11,,,,,1.7267
08/12/2014,08/12/2014,6.37E+11,,,,,1.7267
05/12/2014,05/12/2014,6.51E+11,,,,,1.7267
04/12/2014,04/12/2014,6.54E+11,,,,,1.7267
03/12/2014,03/12/2014,6.57E+11,,,,,1.7267
02/12/2014,02/12/2014,6.49E+11,,,,,1.7267
01/12/2014,01/12/2014,6.52E+11,,,,,
28/11/2014,28/11/2014,6.74E+11,,,,,
26/11/2014,26/11/2014,6.74E+11,,,,,
25/11/2014,25/11/2014,6.66E+11,,,,,
24/11/2014,24/11/2014,6.72E+11,,,,,
21/11/2014,21/11/2014,6.60E+11,,,,,
20/11/2014,20/11/2014,6.59E+11,,,,,
19/11/2014,19/11/2014,6.49E+11,,,,,
18/11/2014,18/11/2014,6.54E+11,,,,,
17/11/2014,17/11/2014,6.46E+11,,,,,
14/11/2014,14/11/2014,6.47E+11,,,,,
13/11/2014,13/11/2014,6.39E+11,,,,,
12/11/2014,12/11/2014,6.30E+11,,,,,
11/11/2014,11/11/2014,6.21E+11,,,,,
10/11/2014,10/11/2014,6.16E+11,,,,,
07/11/2014,07/11/2014,6.17E+11,,,,,
06/11/2014,06/11/2014,6.16E+11,,,,,
05/11/2014,05/11/2014,6.14E+11,,,,,
04/11/2014,04/11/2014,6.12E+11,,,,,
03/11/2014,03/11/2014,6.17E+11,,,,,
31/10/2014,31/10/2014,6.09E+11,,,,,
30/10/2014,30/10/2014,6.03E+11,,,,,
29/10/2014,29/10/2014,6.05E+11,,,,,