date,date,marketcap,pricetobook,pricetoearnings,dividendyield,earningsyield
2019-08-07,2019-08-07,210335000000.0,3.5779,18.3283,0.048114,0.054561
2019-08-06,2019-08-06,212462500000.0,3.6141,18.5136,0.047632,0.054014
2019-08-05,2019-08-05,212520000000.0,3.6151,18.5186,0.047619,0.054
2019-08-02,2019-08-02,218500000000.0,3.7168,19.0397,0.046316,0.052522
2019-08-01,2019-08-01,219937500000.0,3.7413,19.165,0.046013,0.052178
2019-07-31,2019-07-31,221260000000.0,3.7638,19.2802,0.045218,0.051867
2019-07-30,2019-07-30,220975164779.0,3.7589,19.2554,0.045277,0.051933
2019-07-29,2019-07-29,236128398558.0,4.0167,20.5758,0.042371,0.048601
2019-07-26,2019-07-26,245470993821.0,4.1756,21.3899,0.040758,0.046751
2019-07-25,2019-07-25,243078377961.0,4.1349,21.1815,0.04116,0.047211
2019-07-24,2019-07-24,244331652935.0,4.1562,21.2907,0.040948,0.046969
2019-07-23,2019-07-23,245470993821.0,4.1756,21.3899,0.040758,0.046751
2019-07-22,2019-07-22,243932883625.0,4.1494,21.2559,0.041015,0.047046
2019-07-19,2019-07-19,243648048404.0,4.1446,21.2311,0.041063,0.047101
2019-07-18,2019-07-18,245300092688.0,4.1727,21.3751,0.040787,0.046784
2019-07-17,2019-07-17,243477147271.0,4.1417,21.2162,0.041092,0.047134
2019-07-16,2019-07-16,244103784758.0,4.1523,21.2708,0.040987,0.047013
2019-07-15,2019-07-15,243534114315.0,4.1427,21.2212,0.041083,0.047123
2019-07-12,2019-07-12,241540267765.0,4.1087,21.0474,0.041422,0.047512
2019-07-11,2019-07-11,244844356334.0,4.1649,21.3353,0.040863,0.046871
2019-07-10,2019-07-10,250996797116.0,4.2696,21.8715,0.039861,0.045722
2019-07-09,2019-07-09,247066071061.0,4.2027,21.5289,0.040495,0.046449
2019-07-08,2019-07-08,246667301751.0,4.1959,21.4942,0.040561,0.046524
2019-07-05,2019-07-05,250199258496.0,4.256,21.802,0.039988,0.045867
2019-07-03,2019-07-03,252933676622.0,4.3025,22.0402,0.039556,0.045372
2019-07-02,2019-07-02,251908269825.0,4.2851,21.9509,0.039717,0.045556
2019-07-01,2019-07-01,249344752832.0,4.2415,21.7275,0.040125,0.046025
2019-06-28,2019-06-28,246781235839.0,4.1979,21.5041,0.040542,0.046503
2019-06-27,2019-06-27,247407873326.0,4.2085,21.5587,0.040439,0.046385
2019-06-26,2019-06-26,244901323378.0,4.1659,21.3403,0.040853,0.04686
2019-06-25,2019-06-25,249287785788.0,4.2405,21.7225,0.040134,0.046035
2019-06-24,2019-06-24,249287785788.0,4.2405,21.7225,0.040134,0.046035
2019-06-21,2019-06-21,248775082389.0,4.2318,21.6779,0.040217,0.04613
2019-06-20,2019-06-20,248376313079.0,4.225,21.6431,0.040282,0.046204
2019-06-19,2019-06-19,247806642636.0,4.2153,21.5935,0.040374,0.04631
2019-06-18,2019-06-18,245357059732.0,4.1737,21.38,0.040777,0.046773
2019-06-17,2019-06-17,244274685891.0,4.1553,21.2857,0.040958,0.04698
2019-06-14,2019-06-14,243591081359.0,4.1436,21.2261,0.041073,0.047112
2019-06-13,2019-06-13,242109938208.0,4.1184,21.0971,0.041324,0.0474
2019-06-12,2019-06-12,245414026777.0,4.1746,21.385,0.040768,0.046762
2019-06-11,2019-06-11,243078377961.0,4.1349,21.1815,0.04116,0.047211
2019-06-10,2019-06-10,245357059732.0,4.1737,21.38,0.040777,0.046773
2019-06-07,2019-06-07,244502554068.0,4.1591,21.3056,0.04092,0.046936
2019-06-06,2019-06-06,243306246138.0,4.1388,21.2013,0.041121,0.047167
2019-06-05,2019-06-05,241996004119.0,4.1165,21.0871,0.041344,0.047422
2019-06-04,2019-06-04,240571828012.0,4.0923,20.963,0.041588,0.047703
2019-06-03,2019-06-03,238805849640.0,4.0622,20.8092,0.041896,0.048056
2019-05-31,2019-05-31,236527167868.0,4.0235,20.6106,0.0423,0.048519
2019-05-30,2019-05-30,238691915551.0,4.0603,20.7992,0.041916,0.048079
2019-05-29,2019-05-29,237666508754.0,4.0428,20.7099,0.042097,0.048286
2019-05-28,2019-05-28,238691915551.0,4.0603,20.7992,0.041916,0.048079
2019-05-24,2019-05-24,238976750772.0,4.0651,20.824,0.041866,0.048021
2019-05-23,2019-05-23,238805849640.0,4.0622,20.8092,0.041896,0.048056
2019-05-22,2019-05-22,239204618950.0,4.069,20.8439,0.041826,0.047976
2019-05-21,2019-05-21,237381673532.0,4.038,20.6851,0.042147,0.048344
2019-05-20,2019-05-20,236925937178.0,4.0302,20.6453,0.042228,0.048437
2019-05-17,2019-05-17,236242332647.0,4.0186,20.5858,0.042351,0.048577
2019-05-16,2019-05-16,237210772400.0,4.0351,20.6702,0.042178,0.048379
2019-05-15,2019-05-15,234419387230.0,3.9876,20.4269,0.04268,0.048955
2019-05-14,2019-05-14,231628002060.0,3.9401,20.1837,0.043194,0.049545
2019-05-13,2019-05-13,231115298661.0,3.9314,20.139,0.04329,0.049655
2019-05-10,2019-05-10,231969804325.0,3.9459,20.2135,0.043131,0.049472
2019-05-09,2019-05-09,231514067971.0,3.9382,20.1738,0.043216,0.049569
2019-05-08,2019-05-08,231229232750.0,3.9333,20.1489,0.042771,0.04963
2019-05-07,2019-05-07,230551637928.0,3.9218,20.0899,0.042897,0.049776
2019-05-06,2019-05-06,235181869207.0,4.0006,20.4934,0.042053,0.048796
2019-05-03,2019-05-03,233713747094.0,3.9756,20.3654,0.042317,0.049103
2019-05-02,2019-05-02,231568030160.0,3.9391,20.1785,0.042709,0.049558
2019-05-01,2019-05-01,230212840518.0,3.9161,20.0604,0.04296,0.04985
2019-04-30,2019-04-30,229309380756.0,3.9007,19.9816,0.04313,0.050046
2019-04-29,2019-04-29,223549824776.0,3.8027,19.4798,0.044241,0.051335
2019-04-26,2019-04-26,225695541710.0,3.8392,19.6667,0.04382,0.050847
2019-04-25,2019-04-25,223662757246.0,3.8046,19.4896,0.044218,0.051309
2019-04-24,2019-04-24,222307567603.0,3.7816,19.3715,0.044488,0.051622
2019-04-23,2019-04-23,222589898779.0,3.7864,19.3961,0.044431,0.051557
2019-04-22,2019-04-22,220105384434.0,3.7441,19.1796,0.044933,0.052139
2019-04-18,2019-04-18,222364033838.0,3.7825,19.3764,0.044477,0.051609
2019-04-17,2019-04-17,225187345594.0,3.8306,19.6225,0.043919,0.050962
2019-04-16,2019-04-16,231059834044.0,3.9305,20.1342,0.042803,0.049667
2019-04-15,2019-04-15,237666383552.0,4.0428,20.7099,0.041613,0.048286
2019-04-12,2019-04-12,235520666618.0,4.0063,20.5229,0.041992,0.048726
2019-04-11,2019-04-11,238682775783.0,4.0601,20.7984,0.041436,0.048081
2019-04-10,2019-04-10,241280222598.0,4.1043,21.0248,0.04099,0.047563
2019-04-09,2019-04-09,241901351184.0,4.1149,21.0789,0.040884,0.047441
2019-04-08,2019-04-08,243595338237.0,4.1437,21.2265,0.0406,0.047111
2019-04-05,2019-04-05,242748344711.0,4.1293,21.1527,0.040742,0.047275
2019-04-04,2019-04-04,241336688833.0,4.1053,21.0297,0.04098,0.047552
2019-04-03,2019-04-03,241901351184.0,4.1149,21.0789,0.040884,0.047441
2019-04-02,2019-04-02,242296614830.0,4.1216,21.1133,0.040818,0.047363
2019-04-01,2019-04-01,241901351184.0,4.1149,21.0789,0.040884,0.047441
2019-03-29,2019-03-29,249279465148.0,3.9325,22.3509,0.041241,0.044741
2019-03-28,2019-03-28,248222947519.0,3.9159,22.2562,0.041416,0.044931
2019-03-27,2019-03-27,246638171074.0,3.8909,22.1141,0.041682,0.04522
2019-03-26,2019-03-26,248985988029.0,3.9279,22.3246,0.041289,0.044794
2019-03-25,2019-03-25,245875130564.0,3.8788,22.0456,0.041812,0.04536
2019-03-22,2019-03-22,245640348869.0,3.8751,22.0246,0.041852,0.045404
2019-03-21,2019-03-21,248575120062.0,3.9214,22.2877,0.041357,0.044868
2019-03-20,2019-03-20,247518602432.0,3.9048,22.193,0.041534,0.045059
2019-03-19,2019-03-19,248281642942.0,3.9168,22.2614,0.041406,0.044921
2019-03-18,2019-03-18,245405567173.0,3.8714,22.0035,0.041892,0.045447
2019-03-15,2019-03-15,245229480902.0,3.8686,21.9878,0.041922,0.04548
2019-03-14,2019-03-14,241766450894.0,3.814,21.6773,0.042522,0.046131
2019-03-13,2019-03-13,246579475650.0,3.8899,22.1088,0.041692,0.045231
2019-03-12,2019-03-12,244936003782.0,3.864,21.9614,0.041972,0.045534
2019-03-11,2019-03-11,243586009033.0,3.8427,21.8404,0.042205,0.045787
2019-03-08,2019-03-08,240005588178.0,3.7862,21.5194,0.042834,0.04647
2019-03-07,2019-03-07,242940359371.0,3.8325,21.7825,0.042317,0.045908
2019-03-06,2019-03-06,245699044292.0,3.8761,22.0299,0.041842,0.045393
2019-03-05,2019-03-05,251744672950.0,3.9714,22.5719,0.040837,0.044303
2019-03-04,2019-03-04,252801190580.0,3.9881,22.6667,0.040666,0.044118
2019-03-01,2019-03-01,254503357872.0,4.0149,22.8193,0.040394,0.043823
2019-02-28,2019-02-28,254444662448.0,4.014,22.814,0.040403,0.043833
2019-02-27,2019-02-27,251979454646.0,3.9751,22.593,0.040799,0.044262
2019-02-26,2019-02-26,252507713461.0,3.9835,22.6403,0.040713,0.044169
2019-02-25,2019-02-25,252859886004.0,3.989,22.6719,0.040657,0.044107
2019-02-22,2019-02-22,252155540917.0,3.9779,22.6088,0.04077,0.044231
2019-02-21,2019-02-21,247342516161.0,3.902,22.1772,0.041564,0.045091
2019-02-20,2019-02-20,247694688704.0,3.9075,22.2088,0.041504,0.045027
2019-02-19,2019-02-19,250042505658.0,3.9446,22.4193,0.041115,0.044604
2019-02-15,2019-02-15,248868597181.0,3.9261,22.314,0.041309,0.044815
2019-02-14,2019-02-14,246344693955.0,3.8862,22.0878,0.041732,0.045274
2019-02-13,2019-02-13,244759917511.0,3.8612,21.9457,0.042002,0.045567
2019-02-12,2019-02-12,245757739716.0,3.877,22.0351,0.041832,0.045382
2019-02-11,2019-02-11,244642526663.0,3.8594,21.9351,0.042022,0.045589
2019-02-08,2019-02-08,247870774975.0,3.9103,22.2246,0.041475,0.044995
2019-02-07,2019-02-07,244759917511.0,3.8612,21.9457,0.042002,0.045567
2019-02-06,2019-02-06,248457729214.0,3.9196,22.2772,0.041377,0.044889
2019-02-05,2019-02-05,247166429889.0,3.8992,22.1614,0.041593,0.045123
2019-02-04,2019-02-04,249103378877.0,3.9298,22.3351,0.04127,0.044773
2019-02-01,2019-02-01,251685977527.0,3.9705,22.5667,0.040846,0.044313
2019-01-31,2019-01-31,249162074300.0,3.9307,22.3404,0.04126,0.044762
2019-01-30,2019-01-30,241942537165.0,3.8168,21.693,0.041503,0.046098
2019-01-29,2019-01-29,237229370857.0,3.7424,21.2705,0.042328,0.047014
2019-01-28,2019-01-28,230014153298.0,3.6286,20.6235,0.043655,0.048488
2019-01-25,2019-01-25,236472936758.0,3.7305,21.2026,0.042463,0.047164
2019-01-24,2019-01-24,238276741148.0,3.759,21.3644,0.042142,0.046807
2019-01-23,2019-01-23,245317396991.0,3.87,21.9956,0.040932,0.045464
2019-01-22,2019-01-22,245957456613.0,3.8801,22.053,0.040826,0.045345
2019-01-18,2019-01-18,247470324811.0,3.904,22.1887,0.040576,0.045068
2019-01-17,2019-01-17,247121201381.0,3.8985,22.1574,0.040633,0.045132
2019-01-16,2019-01-16,245026460799.0,3.8654,21.9696,0.040981,0.045518
2019-01-15,2019-01-15,248634069578.0,3.9224,22.293,0.040386,0.044857
2019-01-14,2019-01-14,246539328997.0,3.8893,22.1052,0.040729,0.045238
2019-01-11,2019-01-11,249506878154.0,3.9361,22.3713,0.040245,0.0447
2019-01-10,2019-01-10,246190205567.0,3.8838,22.0739,0.040787,0.045302
2019-01-09,2019-01-09,252183491119.0,3.9783,22.6113,0.039818,0.044226
2019-01-08,2019-01-08,252707176265.0,3.9866,22.6582,0.039735,0.044134
2019-01-07,2019-01-07,251543431497.0,3.9683,22.5539,0.039919,0.044338
2019-01-04,2019-01-04,250205125015.0,3.9471,22.4339,0.040133,0.044575
2019-01-03,2019-01-03,244619150130.0,3.859,21.933,0.041049,0.045593
2019-01-02,2019-01-02,251659805974.0,3.9701,22.5643,0.039901,0.044318
2018-12-31,2018-12-31,253987295509.0,4.0068,22.773,0.039535,0.043912
2018-12-28,2018-12-28,250348777497.0,3.5113,10.5096,0.04017,0.095151
2018-12-27,2018-12-27,249707754091.0,3.5023,10.4827,0.040273,0.095396
2018-12-26,2018-12-26,245861613655.0,3.4484,10.3212,0.040903,0.096888
2018-12-24,2018-12-24,236304537419.0,3.3143,9.92,0.042557,0.100806
2018-12-21,2018-12-21,244346467422.0,3.4271,10.2576,0.041157,0.097489
2018-12-20,2018-12-20,244463017132.0,3.4287,10.2625,0.041137,0.097442
2018-12-19,2018-12-19,244579566843.0,3.4304,10.2674,0.041117,0.097396
2018-12-18,2018-12-18,247085385612.0,3.4655,10.3726,0.0407,0.096408
2018-12-17,2018-12-17,251222900324.0,3.5236,10.5463,0.04003,0.09482
2018-12-14,2018-12-14,255243865325.0,3.58,10.7151,0.039399,0.093326
2018-12-13,2018-12-13,259731029168.0,3.6429,10.9034,0.038719,0.091714
2018-12-12,2018-12-12,257341760109.0,3.6094,10.8031,0.039078,0.092566
2018-12-11,2018-12-11,256467637282.0,3.5971,10.7665,0.039211,0.092881
2018-12-10,2018-12-10,258740356631.0,3.629,10.8619,0.038867,0.092065
2018-12-07,2018-12-07,255943163587.0,3.5898,10.7444,0.039292,0.093071
2018-12-06,2018-12-06,262120298227.0,3.6764,11.0037,0.038366,0.090878
2018-12-04,2018-12-04,263052695908.0,3.6895,11.0429,0.03823,0.090556
2018-12-03,2018-12-03,268006058592.0,3.759,11.2508,0.037523,0.088882
2018-11-30,2018-11-30,269404655114.0,3.7786,11.3095,0.037329,0.088421
2018-11-29,2018-11-29,265208865547.0,3.7197,11.1334,0.037919,0.08982
2018-11-28,2018-11-28,261654099386.0,3.6699,10.9842,0.038434,0.09104
2018-11-27,2018-11-27,256817286413.0,3.602,10.7811,0.039158,0.092755
2018-11-26,2018-11-26,252563221991.0,3.5424,10.6025,0.039818,0.094317
2018-11-23,2018-11-23,251397724889.0,3.526,10.5536,0.040002,0.094754
2018-11-21,2018-11-21,251164625469.0,3.5227,10.5438,0.040039,0.094842
2018-11-20,2018-11-20,253670444238.0,3.5579,10.649,0.039644,0.093905
2018-11-19,2018-11-19,257458309819.0,3.611,10.808,0.039061,0.092524
2018-11-16,2018-11-16,253553894528.0,3.5563,10.6441,0.039662,0.093948
2018-11-15,2018-11-15,251805648875.0,3.5317,10.5707,0.039937,0.094601
2018-11-14,2018-11-14,250057403222.0,3.5072,10.4974,0.040217,0.095262
2018-11-13,2018-11-13,253612169383.0,3.5571,10.6466,0.039653,0.093927
2018-11-12,2018-11-12,257050385833.0,3.6053,10.7909,0.039123,0.092671
2018-11-09,2018-11-09,258041058370.0,3.6192,10.8325,0.038972,0.092315
2018-11-08,2018-11-08,255535239601.0,3.584,10.7273,0.039355,0.09322
2018-11-07,2018-11-07,256759011558.0,3.6012,10.7787,0.03124,0.092776
2018-11-06,2018-11-06,248720835295.0,3.4885,10.4412,0.03225,0.095774
2018-11-05,2018-11-05,251670094212.0,3.5298,10.5651,0.031872,0.094652
2018-11-02,2018-11-02,248258206446.0,3.482,10.4218,0.03231,0.095953
2018-11-01,2018-11-01,252537523305.0,3.542,10.6015,0.031763,0.094327
2018-10-31,2018-10-31,249009978326.0,3.4925,10.4534,0.032213,0.095663
2018-10-30,2018-10-30,248026892021.0,3.4787,10.4121,0.03234,0.096042
2018-10-29,2018-10-29,249993064632.0,3.5063,10.4947,0.032086,0.095287
2018-10-26,2018-10-26,246349862441.0,3.4552,10.3417,0.03256,0.096696
2018-10-25,2018-10-25,251033979544.0,3.5209,10.5383,0.031953,0.094892
2018-10-24,2018-10-24,245655919166.0,3.4455,10.3126,0.032652,0.096969
2018-10-23,2018-10-23,255024153372.0,3.5769,10.7059,0.031453,0.093407
2018-10-22,2018-10-22,256585525739.0,3.5988,10.7714,0.031261,0.092838
2018-10-19,2018-10-19,257337297620.0,3.6093,10.803,0.03117,0.092567
2018-10-18,2018-10-18,254445867310.0,3.5688,10.6816,0.031524,0.093619
2018-10-17,2018-10-17,257742097863.0,3.615,10.82,0.031121,0.092422
2018-10-16,2018-10-16,254041067066.0,3.5631,10.6646,0.031575,0.093768
2018-10-15,2018-10-15,249356949964.0,3.4974,10.4679,0.032168,0.09553
2018-10-12,2018-10-12,253173637973.0,3.5509,10.6282,0.031683,0.09409
2018-10-11,2018-10-11,247564263171.0,3.4722,10.3927,0.032401,0.096221
2018-10-10,2018-10-10,257395126226.0,3.6101,10.8054,0.031163,0.092546
2018-10-09,2018-10-09,262946672422.0,3.688,11.0384,0.030505,0.090593
2018-10-08,2018-10-08,261847928904.0,3.6726,10.9923,0.030633,0.090973
2018-10-05,2018-10-05,259708270475.0,3.6426,10.9025,0.030886,0.091722
2018-10-04,2018-10-04,258493869744.0,3.6255,10.8515,0.031031,0.092153
2018-10-03,2018-10-03,259129984412.0,3.6345,10.8782,0.030955,0.091927
2018-10-02,2018-10-02,255718096646.0,3.5866,10.735,0.031368,0.093153
2018-10-01,2018-10-01,256007239677.0,3.5907,10.7471,0.031332,0.093048
2018-09-28,2018-09-28,253403136197.0,3.6327,11.2389,0.031474,0.088977
2018-09-27,2018-09-27,252425633743.0,3.6186,11.1955,0.031596,0.089321
2018-09-26,2018-09-26,251160630567.0,3.6005,11.1394,0.031755,0.089771
2018-09-25,2018-09-25,251793132155.0,3.6096,11.1675,0.031676,0.089546
2018-09-24,2018-09-24,252598134176.0,3.6211,11.2032,0.031575,0.08926
2018-09-21,2018-09-21,253345636053.0,3.6318,11.2363,0.031481,0.088997
2018-09-20,2018-09-20,251563131578.0,3.6063,11.1573,0.031704,0.089628
2018-09-19,2018-09-19,248745624504.0,3.5659,11.0323,0.032064,0.090643
2018-09-18,2018-09-18,250183128113.0,3.5865,11.0961,0.031879,0.090122
2018-09-17,2018-09-17,247308120895.0,3.5453,10.9686,0.03225,0.09117
2018-09-14,2018-09-14,247020620173.0,3.5412,10.9558,0.032288,0.091276
2018-09-13,2018-09-13,246388118585.0,3.5321,10.9278,0.03237,0.09151
2018-09-12,2018-09-12,243858112233.0,3.4958,10.8155,0.032706,0.09246
2018-09-11,2018-09-11,243283110790.0,3.4876,10.79,0.032784,0.092678
2018-09-10,2018-09-10,241845607181.0,3.467,10.7263,0.032978,0.093229
2018-09-07,2018-09-07,242650609202.0,3.4785,10.762,0.032869,0.09292
2018-09-06,2018-09-06,240235603139.0,3.4439,10.6549,0.033199,0.093854
2018-09-05,2018-09-05,240638104149.0,3.4497,10.6727,0.033144,0.093697
2018-09-04,2018-09-04,237878097220.0,3.4101,10.5503,0.033528,0.094784
2018-08-31,2018-08-31,238740599385.0,3.4225,10.5886,0.033407,0.094441
2018-08-30,2018-08-30,238625599097.0,3.4208,10.5835,0.033423,0.094487
2018-08-29,2018-08-29,238625599097.0,3.4208,10.5835,0.033423,0.094487
2018-08-28,2018-08-28,238625599097.0,3.4208,10.5835,0.033423,0.094487
2018-08-27,2018-08-27,239085600251.0,3.4274,10.6039,0.033359,0.094305
2018-08-24,2018-08-24,243800612089.0,3.495,10.813,0.032714,0.092481
2018-08-23,2018-08-23,242650609202.0,3.4785,10.762,0.032869,0.09292
2018-08-22,2018-08-22,241903107325.0,3.4678,10.7288,0.032971,0.093207
2018-08-21,2018-08-21,242420608624.0,3.4752,10.7518,0.0329,0.093008
2018-08-20,2018-08-20,243398111078.0,3.4892,10.7951,0.032768,0.092634
2018-08-17,2018-08-17,242018107614.0,3.4694,10.7339,0.032955,0.093162
2018-08-16,2018-08-16,238165597942.0,3.4142,10.5631,0.033488,0.094669
2018-08-15,2018-08-15,236670594188.0,3.3928,10.4968,0.033699,0.095267
2018-08-14,2018-08-14,234083087692.0,3.3557,10.382,0.034072,0.09632
2018-08-13,2018-08-13,234658089136.0,3.3639,10.4075,0.033989,0.096084
2018-08-10,2018-08-10,235348090868.0,3.3738,10.4381,0.033889,0.095803
2018-08-09,2018-08-09,235750591878.0,3.3796,10.456,0.033831,0.095639
2018-08-08,2018-08-08,238108097797.0,3.4134,10.5605,0.033496,0.094692
2018-08-07,2018-08-07,234830589569.0,3.3664,10.4152,0.033964,0.096014
2018-08-06,2018-08-06,235980592456.0,3.3829,10.4662,0.033798,0.095546
2018-08-03,2018-08-03,233105585238.0,3.3417,10.3387,0.034215,0.096724
2018-08-02,2018-08-02,227988072390.0,3.2683,10.1117,0.034983,0.098896
2018-08-01,2018-08-01,229598076432.0,3.2914,10.1831,0.034219,0.098202
2018-07-31,2018-07-31,227659577649.0,3.2636,10.0971,0.03451,0.099038
2018-07-30,2018-07-30,220019611858.0,3.1541,9.7583,0.035709,0.102477
2018-07-27,2018-07-27,218993347796.0,3.1394,9.7127,0.035876,0.102957
2018-07-26,2018-07-26,217567981044.0,3.1189,9.6495,0.036111,0.103632
2018-07-25,2018-07-25,216598731653.0,3.105,9.6065,0.036273,0.104096
2018-07-24,2018-07-24,214945306220.0,3.0813,9.5332,0.036552,0.104896
2018-07-23,2018-07-23,212151587386.0,3.0413,9.4093,0.037033,0.106278
2018-07-20,2018-07-20,212835763427.0,3.0511,9.4396,0.036914,0.105936
2018-07-19,2018-07-19,213006807437.0,3.0536,9.4472,0.036884,0.105851
2018-07-18,2018-07-18,214717247540.0,3.0781,9.5231,0.036591,0.105008
2018-07-17,2018-07-17,214660232870.0,3.0773,9.5206,0.0366,0.105036
2018-07-16,2018-07-16,213120836777.0,3.0552,9.4523,0.036865,0.105794
2018-07-13,2018-07-13,213976056829.0,3.0674,9.4902,0.036717,0.105372
2018-07-12,2018-07-12,213919042159.0,3.0666,9.4877,0.036727,0.1054
2018-07-11,2018-07-11,212151587386.0,3.0413,9.4093,0.037033,0.106278
2018-07-10,2018-07-10,213405910128.0,3.0593,9.4649,0.036815,0.105653
2018-07-09,2018-07-09,211866514035.0,3.0372,9.3967,0.037083,0.106421
2018-07-06,2018-07-06,211581440685.0,3.0331,9.384,0.037133,0.106564
2018-07-05,2018-07-05,210213088603.0,3.0135,9.3233,0.037375,0.107258
2018-07-03,2018-07-03,207248325759.0,2.971,9.1918,0.037909,0.108792
2018-07-02,2018-07-02,207134296418.0,2.9694,9.1868,0.03793,0.108852
2018-06-29,2018-06-29,210498276902.0,3.0001,9.679,0.037982,0.103317
2018-06-28,2018-06-28,210962440688.0,3.0067,9.7003,0.037899,0.103089
2018-06-27,2018-06-27,210092133590.0,2.9943,9.6603,0.038056,0.103516
2018-06-26,2018-06-26,211078481635.0,3.0084,9.7057,0.037878,0.103033
2018-06-25,2018-06-25,211078481635.0,3.0084,9.7057,0.037878,0.103033
2018-06-22,2018-06-22,211832747787.0,3.0192,9.7403,0.037743,0.102666
2018-06-21,2018-06-21,210614317849.0,3.0018,9.6843,0.037962,0.10326
2018-06-20,2018-06-20,211542645421.0,3.015,9.727,0.037795,0.102807
2018-06-19,2018-06-19,210150154063.0,2.9952,9.663,0.038045,0.103488
2018-06-18,2018-06-18,209802031224.0,2.9902,9.647,0.038108,0.10366
2018-06-15,2018-06-15,210962440688.0,3.0067,9.7003,0.037899,0.103089
2018-06-14,2018-06-14,209802031224.0,2.9902,9.647,0.038108,0.10366
2018-06-13,2018-06-13,210150154063.0,2.9952,9.663,0.038045,0.103488
2018-06-12,2018-06-12,210614317849.0,3.0018,9.6843,0.037962,0.10326
2018-06-11,2018-06-11,210614317849.0,3.0018,9.6843,0.037962,0.10326
2018-06-08,2018-06-08,212761075359.0,3.0324,9.783,0.037578,0.102218
2018-06-07,2018-06-07,211716706840.0,3.0175,9.735,0.037764,0.102722
2018-06-06,2018-06-06,211078481635.0,3.0084,9.7057,0.037878,0.103033
2018-06-05,2018-06-05,211426604474.0,3.0134,9.7217,0.037816,0.102863
2018-06-04,2018-06-04,211484624947.0,3.0142,9.7243,0.037805,0.102835
2018-06-01,2018-06-01,210324215483.0,2.9977,9.671,0.038014,0.103402
2018-05-31,2018-05-31,208467560339.0,2.9712,9.5856,0.038352,0.104323
2018-05-30,2018-05-30,209163806018.0,2.9811,9.6176,0.038225,0.103976
2018-05-29,2018-05-29,207133089455.0,2.9522,9.5242,0.0386,0.104995
2018-05-25,2018-05-25,207017048508.0,2.9505,9.5189,0.038621,0.105054
2018-05-24,2018-05-24,208235478446.0,2.9679,9.5749,0.038395,0.104439
2018-05-23,2018-05-23,208699642232.0,2.9745,9.5963,0.03831,0.104207
2018-05-22,2018-05-22,207249130401.0,2.9538,9.5296,0.038578,0.104937
2018-05-21,2018-05-21,207713294187.0,2.9604,9.5509,0.038492,0.104702
2018-05-18,2018-05-18,206784966615.0,2.9472,9.5082,0.038665,0.105172
2018-05-17,2018-05-17,207191109928.0,2.953,9.5269,0.038589,0.104966
2018-05-16,2018-05-16,207017048508.0,2.9505,9.5189,0.038621,0.105054
2018-05-15,2018-05-15,207075068981.0,2.9513,9.5216,0.03861,0.105025
2018-05-14,2018-05-14,208061417026.0,2.9654,9.5669,0.038427,0.104527
2018-05-11,2018-05-11,205972679990.0,2.9356,9.4709,0.038817,0.105587
2018-05-10,2018-05-10,203303738221.0,2.8976,9.3482,0.039327,0.106973
2018-05-09,2018-05-09,202085308283.0,2.8802,9.2921,0.038964,0.107618
2018-05-08,2018-05-08,200993576450.0,2.8647,9.2419,0.039176,0.108202
2018-05-07,2018-05-07,200706278599.0,2.8606,9.2287,0.039232,0.108357
2018-05-04,2018-05-04,200189142468.0,2.8532,9.2049,0.039333,0.108637
2018-05-03,2018-05-03,199729465906.0,2.8466,9.1838,0.039424,0.108887
2018-05-02,2018-05-02,200476440318.0,2.8573,9.2182,0.039277,0.108482
2018-05-01,2018-05-01,203406878397.0,2.8991,9.3529,0.038711,0.106919
2018-04-30,2018-04-30,210359486387.0,2.9982,9.6726,0.037432,0.103385
2018-04-27,2018-04-27,212600409624.0,3.0301,9.7756,0.037037,0.102295
2018-04-26,2018-04-26,211738516071.0,3.0178,9.736,0.037188,0.102712
2018-04-25,2018-04-25,210761703379.0,3.0039,9.6911,0.03736,0.103188
2018-04-24,2018-04-24,212945167045.0,3.035,9.7915,0.036977,0.10213
2018-04-23,2018-04-23,211451218221.0,3.0137,9.7228,0.037238,0.102851
2018-04-20,2018-04-20,210474405528.0,2.9998,9.6779,0.037411,0.103328
2018-04-19,2018-04-19,209899809826.0,2.9916,9.6515,0.037514,0.103611
2018-04-18,2018-04-18,209669971545.0,2.9883,9.6409,0.037555,0.103725
2018-04-17,2018-04-17,208750618423.0,2.9752,9.5986,0.03772,0.104182
2018-04-16,2018-04-16,209899809826.0,2.9916,9.6515,0.037514,0.103611
2018-04-13,2018-04-13,208693158852.0,2.9744,9.596,0.037731,0.10421
2018-04-12,2018-04-12,208693158852.0,2.9744,9.596,0.037731,0.10421
2018-04-11,2018-04-11,205647801634.0,2.931,9.4559,0.038289,0.105754
2018-04-10,2018-04-10,206567154756.0,2.9441,9.4982,0.038119,0.105283
2018-04-09,2018-04-09,203751635818.0,2.904,9.3688,0.038646,0.106738
2018-04-06,2018-04-06,202085308283.0,2.8802,9.2921,0.038964,0.107618
2018-04-05,2018-04-05,205303044213.0,2.9261,9.4401,0.038354,0.105931
2018-04-04,2018-04-04,207601427019.0,2.9588,9.5458,0.037929,0.104758
2018-04-03,2018-04-03,205015746362.0,2.922,9.4269,0.038407,0.10608
2018-04-02,2018-04-02,201395793441.0,2.8704,9.2604,0.039098,0.107986
2018-03-29,2018-03-29,203957682023.0,2.8611,9.5719,0.038613,0.104473
2018-03-28,2018-03-28,202865769947.0,2.8458,9.5206,0.038821,0.105035
2018-03-27,2018-03-27,201199167304.0,2.8224,9.4424,0.039142,0.105905
2018-03-26,2018-03-26,201371574474.0,2.8248,9.4505,0.039109,0.105814
2018-03-23,2018-03-23,198210776359.0,2.7805,9.3022,0.039732,0.107502
2018-03-22,2018-03-22,204589841646.0,2.8699,9.6016,0.038494,0.10415
2018-03-21,2018-03-21,208440268441.0,2.924,9.7823,0.037783,0.102226
2018-03-20,2018-03-20,208785082781.0,2.9288,9.7984,0.03772,0.102057
2018-03-19,2018-03-19,208785082781.0,2.9288,9.7984,0.03772,0.102057
2018-03-16,2018-03-16,211371190330.0,2.9651,9.9198,0.037259,0.100808
2018-03-15,2018-03-15,210221809197.0,2.949,9.8659,0.037462,0.10136
2018-03-14,2018-03-14,208900020894.0,2.9304,9.8038,0.037699,0.102001
2018-03-13,2018-03-13,211198783160.0,2.9627,9.9117,0.037289,0.100891
2018-03-12,2018-03-12,210394216367.0,2.9514,9.874,0.037432,0.101277
2018-03-09,2018-03-09,211313721273.0,2.9643,9.9171,0.037269,0.100836
2018-03-08,2018-03-08,209762056744.0,2.9425,9.8443,0.037544,0.101582
2018-03-07,2018-03-07,206486320515.0,2.8965,9.6906,0.03814,0.103193
2018-03-06,2018-03-06,206198975232.0,2.8925,9.6771,0.038193,0.103337
2018-03-05,2018-03-05,207578232591.0,2.9119,9.7418,0.037939,0.10265
2018-03-02,2018-03-02,206601258629.0,2.8982,9.6959,0.038119,0.103136
2018-03-01,2018-03-01,204762248816.0,2.8724,9.6096,0.038461,0.104062
2018-02-28,2018-02-28,208670144668.0,2.9272,9.793,0.037741,0.102113
2018-02-27,2018-02-27,211486128443.0,2.9667,9.9252,0.037238,0.100754
2018-02-26,2018-02-26,213152731086.0,2.9901,10.0034,0.036947,0.099966
2018-02-23,2018-02-23,208382799384.0,2.9232,9.7796,0.037793,0.102254
2018-02-22,2018-02-22,205394408439.0,2.8812,9.6393,0.038343,0.103742
2018-02-21,2018-02-21,205509346552.0,2.8828,9.6447,0.038321,0.103684
2018-02-20,2018-02-20,206946072968.0,2.903,9.7121,0.038055,0.102964
2018-02-16,2018-02-16,208382799384.0,2.9232,9.7796,0.037793,0.102254
2018-02-15,2018-02-15,205222001269.0,2.8788,9.6312,0.038375,0.103829
2018-02-14,2018-02-14,202233610324.0,2.8369,9.491,0.038942,0.105363
2018-02-13,2018-02-13,200796883908.0,2.8167,9.4235,0.039221,0.106117
2018-02-12,2018-02-12,199187750322.0,2.7942,9.348,0.039538,0.106974
2018-02-09,2018-02-09,196314297490.0,2.7539,9.2132,0.040116,0.10854
2018-02-08,2018-02-08,193268437488.0,2.7111,9.0702,0.040749,0.110251
2018-02-07,2018-02-07,201026760134.0,2.82,9.4343,0.039176,0.105996
2018-02-06,2018-02-06,202750831834.0,2.8441,9.5152,0.038843,0.105095
2018-02-05,2018-02-05,199245219378.0,2.795,9.3507,0.039526,0.106944
2018-02-02,2018-02-02,210394216367.0,2.9514,9.874,0.037432,0.101277
2018-02-01,2018-02-01,211658535613.0,2.9691,9.9333,0.037208,0.100672
2018-01-31,2018-01-31,210911437877.0,2.9586,9.8982,0.036765,0.101028
2018-01-30,2018-01-30,215238994377.0,3.0193,10.1013,0.036026,0.098997
2018-01-29,2018-01-29,222185861392.0,3.1168,10.4273,0.0349,0.095902
2018-01-26,2018-01-26,222128919859.0,3.116,10.4247,0.034909,0.095926
2018-01-25,2018-01-25,211993327002.0,2.9738,9.949,0.036578,0.100513
2018-01-24,2018-01-24,210285081015.0,2.9498,9.8688,0.036875,0.101329
2018-01-23,2018-01-23,209658724153.0,2.9411,9.8394,0.036985,0.101632
2018-01-22,2018-01-22,210285081015.0,2.9498,9.8688,0.036875,0.101329
2018-01-19,2018-01-19,210342022548.0,2.9506,9.8715,0.036865,0.101302
2018-01-18,2018-01-18,210626730212.0,2.9546,9.8849,0.036815,0.101165
2018-01-17,2018-01-17,211708619337.0,2.9698,9.9356,0.036627,0.100648
2018-01-16,2018-01-16,208406010429.0,2.9235,9.7806,0.037207,0.102243
2018-01-12,2018-01-12,208064361232.0,2.9187,9.7646,0.037268,0.102411
2018-01-11,2018-01-11,208178244297.0,2.9203,9.77,0.037248,0.102355
2018-01-10,2018-01-10,207665770501.0,2.9131,9.7459,0.03734,0.102607
2018-01-09,2018-01-09,207324121304.0,2.9083,9.7299,0.037402,0.102776
2018-01-08,2018-01-08,207551887435.0,2.9115,9.7406,0.03736,0.102663
2018-01-05,2018-01-05,209886490284.0,2.9442,9.8501,0.036945,0.101522
2018-01-04,2018-01-04,209487899554.0,2.9387,9.8314,0.037015,0.101715
2018-01-03,2018-01-03,209032367291.0,2.9323,9.81,0.037096,0.101936
2018-01-02,2018-01-02,207494945902.0,2.9107,9.7379,0.037371,0.102692
2017-12-29,2017-12-29,205663473851.0,3.3855,20.9668,0.037598,0.047694
2017-12-28,2017-12-28,206515199999.0,3.3995,21.0536,0.037443,0.047498
2017-12-27,2017-12-27,206288073026.0,3.3958,21.0305,0.037484,0.04755
2017-12-26,2017-12-26,205606692108.0,3.3846,20.961,0.037608,0.047708
2017-12-22,2017-12-22,205209219906.0,3.378,20.9205,0.037681,0.0478
2017-12-21,2017-12-21,205777037338.0,3.3874,20.9784,0.037577,0.047668
2017-12-20,2017-12-20,207026235688.0,3.408,21.1057,0.03735,0.04738
2017-12-19,2017-12-19,209751759361.0,3.4528,21.3836,0.036865,0.046765
2017-12-18,2017-12-18,210830612482.0,3.4706,21.4936,0.036676,0.046526
2017-12-15,2017-12-15,211228084684.0,3.4771,21.5341,0.036607,0.046438
2017-12-14,2017-12-14,207026235688.0,3.408,21.1057,0.03735,0.04738
2017-12-13,2017-12-13,208048307065.0,3.4248,21.2099,0.037167,0.047148
2017-12-12,2017-12-12,207707616606.0,3.4192,21.1752,0.037228,0.047225
2017-12-11,2017-12-11,205606692108.0,3.3846,20.961,0.037608,0.047708
2017-12-08,2017-12-08,202937950178.0,3.3407,20.689,0.038103,0.048335
2017-12-07,2017-12-07,201575188341.0,3.3182,20.55,0.03836,0.048662
2017-12-06,2017-12-06,201915878800.0,3.3238,20.5848,0.038296,0.04858
2017-12-05,2017-12-05,202313351003.0,3.3304,20.6253,0.03822,0.048484
2017-12-04,2017-12-04,204754965960.0,3.3706,20.8742,0.037765,0.047906
2017-12-01,2017-12-01,206401636513.0,3.3977,21.0421,0.037463,0.047524
2017-11-30,2017-11-30,205890600824.0,3.3893,20.99,0.037556,0.047642
2017-11-29,2017-11-29,205606692108.0,3.3846,20.961,0.037608,0.047708
2017-11-28,2017-11-28,203562549353.0,3.3509,20.7526,0.037986,0.048187
2017-11-27,2017-11-27,201518406598.0,3.3173,20.5442,0.038371,0.048675
2017-11-24,2017-11-24,201518406598.0,3.3173,20.5442,0.038371,0.048675
2017-11-22,2017-11-22,201177716139.0,3.3117,20.5095,0.038436,0.048758
2017-11-21,2017-11-21,201802315314.0,3.322,20.5732,0.038317,0.048607
2017-11-20,2017-11-20,200723462193.0,3.3042,20.4632,0.038523,0.048868
2017-11-17,2017-11-17,200837025680.0,3.3061,20.4748,0.038501,0.048841
2017-11-16,2017-11-16,201915878800.0,3.3238,20.5848,0.038296,0.04858
2017-11-15,2017-11-15,200780243937.0,3.3051,20.469,0.038512,0.048854
2017-11-14,2017-11-14,200893807423.0,3.307,20.4806,0.03849,0.048827
2017-11-13,2017-11-13,200439553477.0,3.2995,20.4342,0.038578,0.048937
2017-11-10,2017-11-10,199758172559.0,3.2883,20.3648,0.038709,0.049104
2017-11-09,2017-11-09,199871736045.0,3.2902,20.3764,0.038687,0.049076
2017-11-08,2017-11-08,198849664668.0,3.2734,20.2722,0.047392,0.049329
2017-11-07,2017-11-07,198962199849.0,3.2752,20.2836,0.047366,0.049301
2017-11-06,2017-11-06,198737129487.0,3.2715,20.2607,0.047419,0.049357
2017-11-03,2017-11-03,200031284067.0,3.2928,20.3926,0.047112,0.049037
2017-11-02,2017-11-02,199524875753.0,3.2845,20.341,0.047232,0.049162
2017-11-01,2017-11-01,198399523944.0,3.2659,20.2263,0.0475,0.049441
2017-10-31,2017-10-31,197274172135.0,3.2474,20.1115,0.047771,0.049723
2017-10-30,2017-10-30,197780580449.0,3.2558,20.1632,0.047649,0.049595
2017-10-27,2017-10-27,200312622020.0,3.2974,20.4213,0.047046,0.048968
2017-10-26,2017-10-26,201100368286.0,3.3104,20.5016,0.046862,0.048777
2017-10-25,2017-10-25,203463607085.0,3.3493,20.7425,0.046318,0.04821
2017-10-24,2017-10-24,204082550580.0,3.3595,20.8056,0.046177,0.048064
2017-10-23,2017-10-23,204814029256.0,3.3715,20.8802,0.046012,0.047892
2017-10-20,2017-10-20,204926564437.0,3.3734,20.8917,0.045987,0.047866
2017-10-19,2017-10-19,203913747809.0,3.3567,20.7884,0.046215,0.048104
2017-10-18,2017-10-18,201606776600.0,3.3187,20.5532,0.046744,0.048654
2017-10-17,2017-10-17,203688677447.0,3.353,20.7655,0.046266,0.048157
2017-10-16,2017-10-16,202450790457.0,3.3326,20.6393,0.046549,0.048451
2017-10-13,2017-10-13,204476423713.0,3.366,20.8458,0.046088,0.047971
2017-10-12,2017-10-12,204532691304.0,3.3669,20.8515,0.046076,0.047958
2017-10-11,2017-10-11,205095367208.0,3.3762,20.9089,0.045949,0.047827
2017-10-10,2017-10-10,204814029256.0,3.3715,20.8802,0.046012,0.047892
2017-10-09,2017-10-09,203351071904.0,3.3475,20.7311,0.046343,0.048237
2017-10-06,2017-10-06,202844663590.0,3.3391,20.6794,0.046459,0.048357
2017-10-05,2017-10-05,202563325638.0,3.3345,20.6508,0.046524,0.048424
2017-10-04,2017-10-04,202338255276.0,3.3308,20.6278,0.046575,0.048478
2017-10-03,2017-10-03,203351071904.0,3.3475,20.7311,0.046343,0.048237
2017-10-02,2017-10-02,202957198771.0,3.341,20.6909,0.046433,0.04833
2017-09-29,2017-09-29,200742289947.0,3.4405,24.1161,0.046914,0.041466
2017-09-28,2017-09-28,200179986614.0,3.4309,24.0485,0.047046,0.041583
2017-09-27,2017-09-27,199336531614.0,3.4165,23.9472,0.047245,0.041759
2017-09-26,2017-09-26,198493076614.0,3.402,23.8459,0.047446,0.041936
2017-09-25,2017-09-25,199673913614.0,3.4222,23.9877,0.047166,0.041688
2017-09-22,2017-09-22,202204278613.0,3.4656,24.2917,0.046575,0.041166
2017-09-21,2017-09-21,202260508946.0,3.4666,24.2985,0.046562,0.041155
2017-09-20,2017-09-20,202372969613.0,3.4685,24.312,0.046536,0.041132
2017-09-19,2017-09-19,199336531614.0,3.4165,23.9472,0.047245,0.041759
2017-09-18,2017-09-18,199898834947.0,3.4261,24.0148,0.047112,0.041641
2017-09-15,2017-09-15,198830458614.0,3.4078,23.8864,0.047366,0.041865
2017-09-14,2017-09-14,200910980947.0,3.4434,24.1364,0.046875,0.041431
2017-09-13,2017-09-13,197143548614.0,3.3789,23.6838,0.047771,0.042223
2017-09-12,2017-09-12,198886688947.0,3.4087,23.8932,0.047352,0.041853
2017-09-11,2017-09-11,192982503949.0,3.3076,23.1839,0.048801,0.043133
2017-09-08,2017-09-08,191745436616.0,3.2864,23.0353,0.049116,0.043412
2017-09-07,2017-09-07,191126902949.0,3.2757,22.9609,0.049275,0.043552
2017-09-06,2017-09-06,191126902949.0,3.2757,22.9609,0.049275,0.043552
2017-09-05,2017-09-05,190058526616.0,3.2574,22.8326,0.049552,0.043797
2017-09-01,2017-09-01,190958211949.0,3.2729,22.9407,0.049318,0.043591
2017-08-31,2017-08-31,190733290616.0,3.269,22.9137,0.049376,0.043642
2017-08-30,2017-08-30,188090464950.0,3.2237,22.5962,0.05007,0.044255
2017-08-29,2017-08-29,188371616617.0,3.2285,22.6299,0.049995,0.044189
2017-08-28,2017-08-28,188202925617.0,3.2256,22.6097,0.05004,0.044229
2017-08-25,2017-08-25,187753082950.0,3.2179,22.5556,0.05016,0.044335
2017-08-24,2017-08-24,186853397617.0,3.2025,22.4475,0.050402,0.044548
2017-08-23,2017-08-23,186909627951.0,3.2035,22.4543,0.050386,0.044535
2017-08-22,2017-08-22,186403554951.0,3.1948,22.3935,0.050523,0.044656
2017-08-21,2017-08-21,184210571951.0,3.1572,22.1301,0.051125,0.045187
2017-08-18,2017-08-18,183704498951.0,3.1485,22.0693,0.051266,0.045312
2017-08-17,2017-08-17,185278948284.0,3.1755,22.2584,0.05083,0.044927
2017-08-16,2017-08-16,187584391950.0,3.215,22.5354,0.050205,0.044375
2017-08-15,2017-08-15,187696852617.0,3.217,22.5489,0.050175,0.044348
2017-08-14,2017-08-14,187303240284.0,3.2102,22.5016,0.050281,0.044441
2017-08-11,2017-08-11,186965858284.0,3.2044,22.4611,0.050371,0.044521
2017-08-10,2017-08-10,187921773950.0,3.2208,22.5759,0.050115,0.044295
2017-08-09,2017-08-09,188090464950.0,3.2237,22.5962,0.05007,0.044255
2017-08-08,2017-08-08,187134549284.0,3.2073,22.4813,0.050326,0.044481
2017-08-07,2017-08-07,187303240284.0,3.2102,22.5016,0.050281,0.044441
2017-08-04,2017-08-04,189158841283.0,3.242,22.7245,0.049787,0.044005
2017-08-03,2017-08-03,187978004284.0,3.2218,22.5827,0.0501,0.044282
2017-08-02,2017-08-02,185110257284.0,3.1726,22.2381,0.050876,0.044968
2017-08-01,2017-08-01,184210571951.0,3.1572,22.1301,0.050469,0.045187
2017-07-31,2017-07-31,184656063056.0,3.1648,22.1836,0.050348,0.045078
2017-07-28,2017-07-28,184600376668.0,3.1639,22.1769,0.050363,0.045092
2017-07-27,2017-07-27,183765080846.0,3.1496,22.0765,0.050592,0.045297
2017-07-26,2017-07-26,183152530577.0,3.1391,22.0029,0.050761,0.045448
2017-07-25,2017-07-25,184321944727.0,3.1591,22.1434,0.050439,0.04516
2017-07-24,2017-07-24,185547045266.0,3.1801,22.2906,0.050106,0.044862
2017-07-21,2017-07-21,186438027477.0,3.1954,22.3976,0.049866,0.044648
2017-07-20,2017-07-20,186772145805.0,3.2011,22.4378,0.049777,0.044568
2017-07-19,2017-07-19,187217636911.0,3.2087,22.4913,0.049659,0.044462
2017-07-18,2017-07-18,185769790819.0,3.1839,22.3174,0.050046,0.044808
2017-07-17,2017-07-17,185157240550.0,3.1734,22.2438,0.050211,0.044956
2017-07-14,2017-07-14,186159595536.0,3.1906,22.3642,0.049941,0.044714
2017-07-13,2017-07-13,185324299714.0,3.1763,22.2639,0.050166,0.044916
2017-07-12,2017-07-12,184990181385.0,3.1706,22.2237,0.050257,0.044997
2017-07-11,2017-07-11,184711749444.0,3.1658,22.1903,0.050332,0.045065
2017-07-10,2017-07-10,186048222760.0,3.1887,22.3508,0.049971,0.044741
2017-07-07,2017-07-07,185714104431.0,3.183,22.3107,0.050061,0.044822
2017-07-06,2017-07-06,184990181385.0,3.1706,22.2237,0.050257,0.044997
2017-07-05,2017-07-05,187329009687.0,3.2107,22.5047,0.049629,0.044435
2017-07-03,2017-07-03,188331364673.0,3.2278,22.6251,0.049365,0.044199
2017-06-30,2017-06-30,188754699293.0,3.2314,25.8639,0.049703,0.038664
2017-06-29,2017-06-29,188979474165.0,3.2352,25.8947,0.049644,0.038618
2017-06-28,2017-06-28,189653798783.0,3.2468,25.9871,0.049467,0.038481
2017-06-27,2017-06-27,189766186219.0,3.2487,26.0025,0.049438,0.038458
2017-06-26,2017-06-26,191283416610.0,3.2747,26.2104,0.049046,0.038153
2017-06-23,2017-06-23,192013934946.0,3.2872,26.3105,0.048859,0.038008
2017-06-22,2017-06-22,191395804046.0,3.2766,26.2258,0.049017,0.03813
2017-06-21,2017-06-21,190384317119.0,3.2593,26.0872,0.049278,0.038333
2017-06-20,2017-06-20,188586118138.0,3.2285,25.8408,0.049747,0.038699
2017-06-19,2017-06-19,186675531721.0,3.1958,25.579,0.050257,0.039095
2017-06-16,2017-06-16,185270688767.0,3.1717,25.3865,0.050638,0.039391
2017-06-15,2017-06-15,184371589276.0,3.1563,25.2633,0.050885,0.039583
2017-06-14,2017-06-14,183697264658.0,3.1448,25.1709,0.051071,0.039728
2017-06-13,2017-06-13,183079133759.0,3.1342,25.0862,0.051244,0.039863
2017-06-12,2017-06-12,183753458377.0,3.1458,25.1786,0.051056,0.039716
2017-06-09,2017-06-09,184146814404.0,3.1525,25.2325,0.050947,0.039631
2017-06-08,2017-06-08,178415055152.0,3.0544,24.4471,0.052583,0.040905
2017-06-07,2017-06-07,179819898105.0,3.0784,24.6396,0.052173,0.040585
2017-06-06,2017-06-06,180213254133.0,3.0852,24.6935,0.052059,0.040496
2017-06-05,2017-06-05,181786678241.0,3.1121,24.9091,0.051608,0.040146
2017-06-02,2017-06-02,182854358886.0,3.1304,25.0554,0.051307,0.039912
2017-06-01,2017-06-01,183809652095.0,3.1467,25.1863,0.05104,0.039704
2017-05-31,2017-05-31,183472489786.0,3.141,25.1401,0.051134,0.039777
2017-05-30,2017-05-30,180550416442.0,3.0909,24.7397,0.051962,0.040421
2017-05-26,2017-05-26,180606610160.0,3.0919,24.7474,0.051945,0.040408
2017-05-25,2017-05-25,180718997596.0,3.0938,24.7628,0.051913,0.040383
2017-05-24,2017-05-24,180100866696.0,3.0832,24.6781,0.052091,0.040522
2017-05-23,2017-05-23,180606610160.0,3.0919,24.7474,0.051945,0.040408
2017-05-22,2017-05-22,180494222723.0,3.09,24.732,0.051978,0.040433
2017-05-19,2017-05-19,182404809141.0,3.1227,24.9938,0.051433,0.04001
2017-05-18,2017-05-18,181056159905.0,3.0996,24.809,0.051816,0.040308
2017-05-17,2017-05-17,181112353623.0,3.1005,24.8167,0.0518,0.040295
2017-05-16,2017-05-16,183191521195.0,3.1361,25.1016,0.051212,0.039838
2017-05-15,2017-05-15,186113594539.0,3.1862,25.502,0.050408,0.039213
2017-05-12,2017-05-12,185495463639.0,3.1756,25.4173,0.050576,0.039343
2017-05-11,2017-05-11,185664044794.0,3.1785,25.4404,0.05053,0.039308
2017-05-10,2017-05-10,185607851076.0,3.1775,25.4327,0.050546,0.039319
2017-05-09,2017-05-09,185776432230.0,3.1804,25.4558,0.049844,0.039284
2017-05-08,2017-05-08,186166017319.0,3.1871,25.5092,0.04974,0.039202
2017-05-05,2017-05-05,186332982357.0,3.1899,25.5321,0.049695,0.039166
2017-05-04,2017-05-04,186166017319.0,3.1871,25.5092,0.04974,0.039202
2017-05-03,2017-05-03,186277327344.0,3.189,25.5244,0.04971,0.039178
2017-05-02,2017-05-02,187056497521.0,3.2023,25.6312,0.049503,0.039015
2017-05-01,2017-05-01,188002632736.0,3.2185,25.7608,0.049254,0.038819
2017-04-28,2017-04-28,188781802913.0,3.2318,25.8676,0.04905,0.038658
2017-04-27,2017-04-27,188447872837.0,3.2261,25.8219,0.049137,0.038727
2017-04-26,2017-04-26,188392217825.0,3.2252,25.8142,0.049152,0.038738
2017-04-25,2017-04-25,187891322711.0,3.2166,25.7456,0.049283,0.038842
2017-04-24,2017-04-24,187780012686.0,3.2147,25.7303,0.049312,0.038865
2017-04-21,2017-04-21,187223462559.0,3.2052,25.6541,0.049459,0.03898
2017-04-20,2017-04-20,187780012686.0,3.2147,25.7303,0.049312,0.038865
2017-04-19,2017-04-19,187056497521.0,3.2023,25.6312,0.049503,0.039015
2017-04-18,2017-04-18,188336562812.0,3.2242,25.8066,0.049166,0.03875
2017-04-17,2017-04-17,189227043015.0,3.2395,25.9286,0.048935,0.038567
2017-04-13,2017-04-13,188559182863.0,3.228,25.8371,0.049108,0.038704
2017-04-12,2017-04-12,188781802913.0,3.2318,25.8676,0.04905,0.038658
2017-04-11,2017-04-11,188837457926.0,3.2328,25.8752,0.049036,0.038647
2017-04-10,2017-04-10,189449663065.0,3.2433,25.9591,0.048878,0.038522
2017-04-07,2017-04-07,189783593141.0,3.249,26.0049,0.048792,0.038454
2017-04-06,2017-04-06,189839248154.0,3.2499,26.0125,0.048777,0.038443
2017-04-05,2017-04-05,190284488255.0,3.2576,26.0735,0.048663,0.038353
2017-04-04,2017-04-04,191119313445.0,3.2719,26.1879,0.048451,0.038186
2017-04-03,2017-04-03,190562763318.0,3.2623,26.1116,0.048592,0.038297
2017-03-31,2017-03-31,192489777020.0,3.234,26.6791,0.048635,0.037483
2017-03-30,2017-03-30,193277516535.0,3.2473,26.7883,0.048436,0.03733
2017-03-29,2017-03-29,193164982318.0,3.2454,26.7727,0.048465,0.037351
2017-03-28,2017-03-28,192208441480.0,3.2293,26.6401,0.048706,0.037537
2017-03-27,2017-03-27,192320975696.0,3.2312,26.6557,0.048677,0.037515
2017-03-24,2017-03-24,191308167749.0,3.2142,26.5153,0.048935,0.037714
2017-03-23,2017-03-23,192939913886.0,3.2416,26.7415,0.048521,0.037395
2017-03-22,2017-03-22,193952721833.0,3.2586,26.8819,0.048268,0.0372
2017-03-21,2017-03-21,192714845453.0,3.2378,26.7103,0.048578,0.037439
2017-03-20,2017-03-20,193446317859.0,3.2501,26.8117,0.048394,0.037297
2017-03-17,2017-03-17,193108715210.0,3.2444,26.7649,0.048479,0.037362
2017-03-16,2017-03-16,193727653400.0,3.2548,26.8507,0.048324,0.037243
2017-03-15,2017-03-15,194852995563.0,3.2737,27.0067,0.048045,0.037028
2017-03-14,2017-03-14,192546044129.0,3.235,26.6869,0.04862,0.037472
2017-03-13,2017-03-13,191927105939.0,3.2246,26.6011,0.048777,0.037592
2017-03-10,2017-03-10,191927105939.0,3.2246,26.6011,0.048777,0.037592
2017-03-09,2017-03-09,191589503290.0,3.2189,26.5543,0.048863,0.037659
2017-03-08,2017-03-08,190801763776.0,3.2057,26.4452,0.049065,0.037814
2017-03-07,2017-03-07,191251900641.0,3.2132,26.5075,0.048949,0.037725
2017-03-06,2017-03-06,193277516535.0,3.2473,26.7883,0.048436,0.03733
2017-03-03,2017-03-03,194234057373.0,3.2633,26.9209,0.048198,0.037146
2017-03-02,2017-03-02,194177790265.0,3.2624,26.9131,0.048212,0.037157
2017-03-01,2017-03-01,193671386292.0,3.2539,26.8429,0.048338,0.037254
2017-02-28,2017-02-28,191983373047.0,3.2255,26.6089,0.048763,0.037581
2017-02-27,2017-02-27,192883646778.0,3.2407,26.7337,0.048535,0.037406
2017-02-24,2017-02-24,192771112561.0,3.2388,26.7181,0.048564,0.037428
2017-02-23,2017-02-23,191645770398.0,3.2199,26.5621,0.048849,0.037648
2017-02-22,2017-02-22,189001216314.0,3.1754,26.1956,0.049532,0.038174
2017-02-21,2017-02-21,189170017639.0,3.1783,26.219,0.049488,0.03814
2017-02-17,2017-02-17,189170017639.0,3.1783,26.219,0.049488,0.03814
2017-02-16,2017-02-16,189170017639.0,3.1783,26.219,0.049488,0.03814
2017-02-15,2017-02-15,188551079449.0,3.1679,26.1332,0.049651,0.038265
2017-02-14,2017-02-14,184274779229.0,3.096,25.5405,0.050803,0.039153
2017-02-13,2017-02-13,183487039715.0,3.0828,25.4313,0.051021,0.039322
2017-02-10,2017-02-10,182024094902.0,3.0582,25.2286,0.051431,0.039638
2017-02-09,2017-02-09,182192896227.0,3.061,25.252,0.051383,0.039601
2017-02-08,2017-02-08,180842485631.0,3.0383,25.0648,0.051767,0.039897
2017-02-07,2017-02-07,180504882982.0,3.0327,25.018,0.051864,0.039971
2017-02-06,2017-02-06,181348889604.0,3.0469,25.135,0.051622,0.039785
2017-02-03,2017-02-03,180561150090.0,3.0336,25.0258,0.051848,0.039959
2017-02-02,2017-02-02,178535534196.0,2.9996,24.745,0.052436,0.040412
2017-02-01,2017-02-01,178197931547.0,2.9939,24.6983,0.052535,0.040489
2017-01-31,2017-01-31,176734986735.0,2.9693,24.4955,0.041819,0.040824
2017-01-30,2017-01-30,174395601471.0,2.93,24.1713,0.04238,0.041371
2017-01-27,2017-01-27,175008297612.0,2.9403,24.2562,0.042231,0.041227
2017-01-26,2017-01-26,174228502524.0,2.9272,24.1481,0.04242,0.041411
2017-01-25,2017-01-25,174284202173.0,2.9282,24.1558,0.042407,0.041398
2017-01-24,2017-01-24,173504407085.0,2.9151,24.0477,0.042597,0.041584
2017-01-23,2017-01-23,175231096208.0,2.9441,24.2871,0.042177,0.041174
2017-01-20,2017-01-20,176957785332.0,2.9731,24.5264,0.041766,0.040772
2017-01-19,2017-01-19,176567887788.0,2.9665,24.4723,0.041858,0.040862
2017-01-18,2017-01-18,178405976210.0,2.9974,24.7271,0.041427,0.040441
2017-01-17,2017-01-17,178573075157.0,3.0002,24.7503,0.041388,0.040404
2017-01-13,2017-01-13,181135259018.0,3.0433,25.1054,0.040803,0.039832
2017-01-12,2017-01-12,181580856211.0,3.0508,25.1671,0.040703,0.039734
2017-01-11,2017-01-11,182861948141.0,3.0723,25.3447,0.040417,0.039456
2017-01-10,2017-01-10,186259626739.0,3.1294,25.8156,0.03968,0.038736
2017-01-09,2017-01-09,186426725686.0,3.1322,25.8388,0.039645,0.038702
2017-01-06,2017-01-06,186482425335.0,3.1331,25.8465,0.039633,0.03869
2017-01-05,2017-01-05,187206520774.0,3.1453,25.9468,0.039479,0.03854
2017-01-04,2017-01-04,185424132002.0,3.1153,25.6998,0.039859,0.038911
2017-01-03,2017-01-03,183808842177.0,3.0882,25.4759,0.040209,0.039253
2016-12-30,2016-12-30,180648097352.0,2.8547,28.8207,0.040853,0.034697
2016-12-29,2016-12-29,180703715608.0,2.8556,28.8296,0.04084,0.034687
2016-12-28,2016-12-28,179925060016.0,2.8433,28.7053,0.041017,0.034837
2016-12-27,2016-12-27,180926188635.0,2.8591,28.8651,0.04079,0.034644
2016-12-23,2016-12-23,180648097352.0,2.8547,28.8207,0.040853,0.034697
2016-12-22,2016-12-22,179869441760.0,2.8424,28.6965,0.04103,0.034847
2016-12-21,2016-12-21,180203151299.0,2.8477,28.7497,0.040954,0.034783
2016-12-20,2016-12-20,182705972845.0,2.8872,29.149,0.040393,0.034306
2016-12-19,2016-12-19,182594736332.0,2.8855,29.1313,0.040417,0.034327
2016-12-16,2016-12-16,182650354588.0,2.8863,29.1401,0.040405,0.034317
2016-12-15,2016-12-15,182149790279.0,2.8784,29.0603,0.040516,0.034411
2016-12-14,2016-12-14,182539118075.0,2.8846,29.1224,0.04043,0.034338
2016-12-13,2016-12-13,182594736332.0,2.8855,29.1313,0.040417,0.034327
2016-12-12,2016-12-12,180203151299.0,2.8477,28.7497,0.040954,0.034783
2016-12-09,2016-12-09,176309873339.0,2.7861,28.1286,0.041858,0.035551
2016-12-08,2016-12-08,172082885839.0,2.7193,27.4542,0.042886,0.036424
2016-12-07,2016-12-07,173473342254.0,2.7413,27.676,0.042543,0.036132
2016-12-06,2016-12-06,175531217747.0,2.7738,28.0043,0.042044,0.035709
2016-12-05,2016-12-05,175698072517.0,2.7765,28.031,0.042004,0.035675
2016-12-02,2016-12-02,175920545543.0,2.78,28.0665,0.041951,0.03563
2016-12-01,2016-12-01,174975035181.0,2.765,27.9156,0.042177,0.035822
2016-11-30,2016-11-30,178757076628.0,2.8248,28.519,0.041285,0.035064
2016-11-29,2016-11-29,177533474984.0,2.8055,28.3238,0.04157,0.035306
2016-11-28,2016-11-28,175419981234.0,2.7721,27.9866,0.04207,0.035731
2016-11-25,2016-11-25,176254255082.0,2.7853,28.1197,0.041871,0.035562
2016-11-23,2016-11-23,174752562155.0,2.7615,27.8801,0.042231,0.035868
2016-11-22,2016-11-22,174251997846.0,2.7536,27.8003,0.042352,0.035971
2016-11-21,2016-11-21,175586836003.0,2.7747,28.0132,0.04203,0.035697
2016-11-18,2016-11-18,175086271694.0,2.7668,27.9334,0.042151,0.035799
2016-11-17,2016-11-17,176476728109.0,2.7888,28.1552,0.041819,0.035517
2016-11-16,2016-11-16,177755948010.0,2.809,28.3593,0.041518,0.035262
2016-11-15,2016-11-15,179257640937.0,2.8327,28.5989,0.04117,0.034966
2016-11-14,2016-11-14,180091914786.0,2.8459,28.732,0.040979,0.034804
2016-11-11,2016-11-11,181259898174.0,2.8644,28.9183,0.040715,0.03458
2016-11-10,2016-11-10,186265541266.0,2.9435,29.7169,0.039621,0.033651
2016-11-09,2016-11-09,178645840115.0,2.8231,28.5013,0.041311,0.035086
2016-11-08,2016-11-08,166854769721.0,2.6367,26.6201,0.04423,0.037566
2016-11-07,2016-11-07,167299715774.0,2.6438,26.6911,0.05367,0.037466
2016-11-04,2016-11-04,165207092601.0,2.6107,26.3572,0.05435,0.03794
2016-11-03,2016-11-03,164601333262.0,2.6011,26.2606,0.05455,0.03808
2016-11-02,2016-11-02,168676441546.0,2.6655,26.9107,0.053232,0.03716
2016-11-01,2016-11-01,171099478904.0,2.7038,27.2973,0.052478,0.036634
2016-10-31,2016-10-31,174623896879.0,2.7595,27.8596,0.051419,0.035894
2016-10-28,2016-10-28,175835415558.0,2.7786,28.0529,0.051065,0.035647
2016-10-27,2016-10-27,178864212256.0,2.8265,28.5361,0.0502,0.035043
2016-10-26,2016-10-26,178423660009.0,2.8195,28.4658,0.050324,0.03513
2016-10-25,2016-10-25,177762831639.0,2.8091,28.3604,0.050511,0.03526
2016-10-24,2016-10-24,176936796176.0,2.796,28.2286,0.050747,0.035425
2016-10-21,2016-10-21,177212141330.0,2.8004,28.2725,0.050668,0.03537
2016-10-20,2016-10-20,179194626441.0,2.8317,28.5888,0.050108,0.034979
2016-10-19,2016-10-19,179525040626.0,2.837,28.6415,0.050015,0.034914
2016-10-18,2016-10-18,180020661904.0,2.8448,28.7206,0.049878,0.034818
2016-10-17,2016-10-17,178974350318.0,2.8282,28.5537,0.050169,0.035022
2016-10-14,2016-10-14,179855454812.0,2.8422,28.6942,0.049923,0.03485
2016-10-13,2016-10-13,180406145120.0,2.8509,28.7821,0.049771,0.034744
2016-10-12,2016-10-12,182113285077.0,2.8779,29.0544,0.049304,0.034418
2016-10-11,2016-10-11,182443699262.0,2.8831,29.1072,0.049215,0.034356
2016-10-10,2016-10-10,185087012744.0,2.9248,29.5289,0.048512,0.033865
2016-10-07,2016-10-07,184811667590.0,2.9205,29.485,0.048585,0.033916
2016-10-06,2016-10-06,185307288868.0,2.9283,29.564,0.048455,0.033825
2016-10-05,2016-10-05,186684014639.0,2.9501,29.7837,0.048097,0.033575
2016-10-04,2016-10-04,185692772084.0,2.9344,29.6255,0.048354,0.033755
2016-10-03,2016-10-03,185472495960.0,2.9309,29.5904,0.048411,0.033795
2016-09-30,2016-09-30,186488479285.0,2.9722,26.4786,0.04814,0.037766
2016-09-29,2016-09-29,183460175075.0,2.9239,26.0486,0.048935,0.03839
2016-09-28,2016-09-28,187149200204.0,2.9827,26.5724,0.04797,0.037633
2016-09-27,2016-09-27,186268238979.0,2.9687,26.4473,0.048197,0.037811
2016-09-26,2016-09-26,185222097524.0,2.952,26.2988,0.048469,0.038025
2016-09-23,2016-09-23,188635822271.0,3.0064,26.7834,0.047592,0.037336
2016-09-22,2016-09-22,188030161429.0,2.9967,26.6975,0.047745,0.037457
2016-09-21,2016-09-21,188745942424.0,3.0081,26.7991,0.047564,0.037315
2016-09-20,2016-09-20,186158118826.0,2.9669,26.4317,0.048225,0.037833
2016-09-19,2016-09-19,185277157601.0,2.9529,26.3066,0.048455,0.038013
2016-09-16,2016-09-16,186873899821.0,2.9783,26.5333,0.048041,0.037689
2016-09-15,2016-09-15,187975101352.0,2.9959,26.6896,0.047759,0.037468
2016-09-14,2016-09-14,186873899821.0,2.9783,26.5333,0.048041,0.037689
2016-09-13,2016-09-13,187424500587.0,2.9871,26.6115,0.0479,0.037578
2016-09-12,2016-09-12,190783165256.0,3.0406,27.0883,0.047056,0.036916
2016-09-09,2016-09-09,187754861046.0,2.9923,26.6584,0.047815,0.037512
2016-09-08,2016-09-08,191168585792.0,3.0468,27.1431,0.046961,0.036842
2016-09-07,2016-09-07,191829306711.0,3.0573,27.2369,0.0468,0.036715
2016-09-06,2016-09-06,191443886175.0,3.0511,27.1822,0.046894,0.036789
2016-09-02,2016-09-02,191443886175.0,3.0511,27.1822,0.046894,0.036789
2016-09-01,2016-09-01,190948345486.0,3.0432,27.1118,0.047016,0.036884
2016-08-31,2016-08-31,191609066405.0,3.0538,27.2056,0.046853,0.036757
2016-08-30,2016-08-30,192049547017.0,3.0608,27.2681,0.046746,0.036673
2016-08-29,2016-08-29,193315928778.0,3.081,27.448,0.04644,0.036433
2016-08-26,2016-08-26,191719186558.0,3.0555,27.2212,0.046827,0.036736
2016-08-25,2016-08-25,191443886175.0,3.0511,27.1822,0.046894,0.036789
2016-08-24,2016-08-24,191719186558.0,3.0555,27.2212,0.046827,0.036736
2016-08-23,2016-08-23,193205808625.0,3.0792,27.4323,0.046466,0.036453
2016-08-22,2016-08-22,191829306711.0,3.0573,27.2369,0.0468,0.036715
2016-08-19,2016-08-19,192600147783.0,3.0696,27.3463,0.046612,0.036568
2016-08-18,2016-08-18,193756409390.0,3.088,27.5105,0.046334,0.03635
2016-08-17,2016-08-17,193481109007.0,3.0836,27.4714,0.0464,0.036401
2016-08-16,2016-08-16,191554006328.0,3.0529,27.1978,0.046867,0.036768
2016-08-15,2016-08-15,193315928778.0,3.081,27.448,0.04644,0.036433
2016-08-12,2016-08-12,192600147783.0,3.0696,27.3463,0.046612,0.036568
2016-08-11,2016-08-11,193536169084.0,3.0845,27.4792,0.046387,0.036391
2016-08-10,2016-08-10,193426048931.0,3.0827,27.4636,0.046413,0.036412
2016-08-09,2016-08-09,193150748548.0,3.0783,27.4245,0.046479,0.036464
2016-08-08,2016-08-08,192324847400.0,3.0652,27.3072,0.046679,0.03662
2016-08-05,2016-08-05,195132911304.0,3.1099,27.7059,0.046007,0.036093
2016-08-04,2016-08-04,193536169084.0,3.0845,27.4792,0.046387,0.036391
2016-08-03,2016-08-03,194307010156.0,3.0968,27.5887,0.046203,0.036247
2016-08-02,2016-08-02,198711816280.0,3.167,28.2141,0.035895,0.035443
2016-08-01,2016-08-01,203735583001.0,3.247,28.9274,0.03501,0.034569
2016-07-29,2016-07-29,201442124281.0,3.2105,28.6017,0.035409,0.034963
2016-07-28,2016-07-28,200240788760.0,3.1913,28.4312,0.035621,0.035173
2016-07-27,2016-07-27,201223699640.0,3.207,28.5707,0.035447,0.035001
2016-07-26,2016-07-26,201114487320.0,3.2053,28.5552,0.035467,0.03502
2016-07-25,2016-07-25,200841456520.0,3.2009,28.5165,0.035515,0.035067
2016-07-22,2016-07-22,200623031880.0,3.1974,28.4855,0.035553,0.035106
2016-07-21,2016-07-21,200459213400.0,3.1948,28.4622,0.035583,0.035134
2016-07-20,2016-07-20,200295394920.0,3.1922,28.4389,0.035612,0.035163
2016-07-19,2016-07-19,200076970280.0,3.1887,28.4079,0.03565,0.035201
2016-07-18,2016-07-18,200076970280.0,3.1887,28.4079,0.03565,0.035201
2016-07-15,2016-07-15,200786850360.0,3.2,28.5087,0.035524,0.035077
2016-07-14,2016-07-14,201605942761.0,3.2131,28.625,0.03538,0.034934
2016-07-13,2016-07-13,198274967000.0,3.16,28.1521,0.035974,0.035521
2016-07-12,2016-07-12,197892723880.0,3.1539,28.0978,0.036044,0.03559
2016-07-11,2016-07-11,197401268440.0,3.1461,28.028,0.036134,0.035679
2016-07-08,2016-07-08,197237449960.0,3.1435,28.0047,0.036164,0.035708
2016-07-07,2016-07-07,195326234359.0,3.113,27.7334,0.036518,0.036058
2016-07-06,2016-07-06,195817689799.0,3.1208,27.8032,0.036426,0.035967
2016-07-05,2016-07-05,195544658999.0,3.1165,27.7644,0.036477,0.036017
2016-07-01,2016-07-01,196634792969.0,3.1192,25.7983,0.036723,0.038762
2016-06-30,2016-06-30,194644674176.0,3.0876,25.5372,0.037098,0.039159
2016-06-29,2016-06-29,193539052624.0,3.0701,25.3922,0.03731,0.039382
2016-06-28,2016-06-28,190388031202.0,3.0201,24.9787,0.037928,0.040034
2016-06-27,2016-06-27,186850042236.0,2.9639,24.5146,0.038646,0.040792
2016-06-24,2016-06-24,187789820555.0,2.9789,24.6379,0.038453,0.040588
2016-06-23,2016-06-23,191217247366.0,3.0332,25.0875,0.037763,0.03986
2016-06-22,2016-06-22,190553874434.0,3.0227,25.0005,0.037895,0.039999
2016-06-21,2016-06-21,192101744607.0,3.0473,25.2036,0.037589,0.039677
2016-06-20,2016-06-20,190719717667.0,3.0253,25.0223,0.037862,0.039964
2016-06-17,2016-06-17,189171847495.0,3.0008,24.8192,0.038172,0.040291
2016-06-16,2016-06-16,192101744607.0,3.0473,25.2036,0.037589,0.039677
2016-06-15,2016-06-15,192322868917.0,3.0508,25.2326,0.037546,0.039631
2016-06-14,2016-06-14,193428490469.0,3.0683,25.3777,0.037332,0.039405
2016-06-13,2016-06-13,192046463529.0,3.0464,25.1963,0.0376,0.039688
2016-06-10,2016-06-10,195086922796.0,3.0946,25.5952,0.037014,0.03907
2016-06-09,2016-06-09,195197484952.0,3.0964,25.6097,0.036993,0.039048
2016-06-08,2016-06-08,194865798486.0,3.0911,25.5662,0.037056,0.039114
2016-06-07,2016-06-07,192599274305.0,3.0551,25.2689,0.037492,0.039574
2016-06-06,2016-06-06,193096804003.0,3.063,25.3341,0.037396,0.039472
2016-06-03,2016-06-03,191770058141.0,3.042,25.1601,0.037654,0.039746
2016-06-02,2016-06-02,192765117538.0,3.0578,25.2906,0.03746,0.03954
2016-06-01,2016-06-01,192101744607.0,3.0473,25.2036,0.037589,0.039677
2016-05-31,2016-05-31,191825339219.0,3.0429,25.1673,0.037644,0.039734
2016-05-27,2016-05-27,191327809521.0,3.035,25.102,0.037742,0.039837
2016-05-26,2016-05-26,190332750124.0,3.0192,24.9715,0.037939,0.040046
2016-05-25,2016-05-25,189890501503.0,3.0122,24.9135,0.038027,0.040139
2016-05-24,2016-05-24,188508474564.0,2.9903,24.7322,0.038306,0.040433
2016-05-23,2016-05-23,186131388228.0,2.9525,24.4203,0.038795,0.04095
2016-05-20,2016-05-20,186518355771.0,2.9587,24.4711,0.038715,0.040865
2016-05-19,2016-05-19,184528236978.0,2.9271,24.2099,0.039132,0.041305
2016-05-18,2016-05-18,183367334348.0,2.9087,24.0576,0.03938,0.041567
2016-05-17,2016-05-17,182593399262.0,2.8964,23.9561,0.039547,0.041743
2016-05-16,2016-05-16,184528236978.0,2.9271,24.2099,0.039132,0.041305
2016-05-13,2016-05-13,183477896504.0,2.9105,24.0721,0.039356,0.041542
2016-05-12,2016-05-12,183477896504.0,2.9105,24.0721,0.039356,0.041542
2016-05-11,2016-05-11,183312053271.0,2.9078,24.0504,0.039392,0.041579
2016-05-10,2016-05-10,185191609909.0,2.9376,24.297,0.047732,0.041157
2016-05-09,2016-05-09,185301190743.0,2.9394,24.3114,0.047703,0.041133
2016-05-06,2016-05-06,183986220732.0,2.9185,24.1388,0.048044,0.041427
2016-05-05,2016-05-05,183931430315.0,2.9176,24.1316,0.048059,0.041439
2016-05-04,2016-05-04,182999993223.0,2.9029,24.0094,0.048303,0.04165
2016-05-03,2016-05-03,184643705737.0,2.9289,24.2251,0.047873,0.04128
2016-05-02,2016-05-02,179712568196.0,2.8507,23.5781,0.049187,0.042412
2016-04-29,2016-04-29,179219454441.0,2.8429,23.5134,0.049322,0.042529
2016-04-28,2016-04-28,180315262784.0,2.8603,23.6572,0.049022,0.04227
2016-04-27,2016-04-27,180808376538.0,2.8681,23.7219,0.048889,0.042155
2016-04-26,2016-04-26,181082328624.0,2.8725,23.7578,0.048815,0.042091
2016-04-25,2016-04-25,181958975298.0,2.8864,23.8729,0.04858,0.041889
2016-04-22,2016-04-22,182287717801.0,2.8916,23.916,0.048492,0.041813
2016-04-21,2016-04-21,182123346549.0,2.889,23.8944,0.048536,0.041851
2016-04-20,2016-04-20,182068556132.0,2.8881,23.8872,0.04855,0.041863
2016-04-19,2016-04-19,180205681950.0,2.8585,23.6428,0.049052,0.042296
2016-04-18,2016-04-18,178671550270.0,2.8342,23.4416,0.049473,0.042659
2016-04-15,2016-04-15,178068855682.0,2.8247,23.3625,0.049641,0.042804
2016-04-14,2016-04-14,178890711939.0,2.8377,23.4703,0.049413,0.042607
2016-04-13,2016-04-13,178288017350.0,2.8281,23.3912,0.04958,0.042751
2016-04-12,2016-04-12,175110173156.0,2.7777,22.9743,0.05048,0.043527
2016-04-11,2016-04-11,174726640236.0,2.7716,22.924,0.05059,0.043622
2016-04-08,2016-04-08,178068855682.0,2.8247,23.3625,0.049641,0.042804
2016-04-07,2016-04-07,179493406527.0,2.8472,23.5494,0.049247,0.042464
2016-04-06,2016-04-06,180424843618.0,2.862,23.6716,0.048993,0.042245
2016-04-05,2016-04-05,171822748128.0,2.7256,22.543,0.051445,0.04436
2016-04-04,2016-04-04,168316161432.0,2.6699,22.0829,0.052517,0.045284
2016-04-01,2016-04-01,165436500331.0,2.5572,23.7696,0.053706,0.042071
2016-03-31,2016-03-31,163233617504.0,2.5232,23.4531,0.054431,0.042638
2016-03-30,2016-03-30,165601716543.0,2.5598,23.7934,0.053652,0.042029
2016-03-29,2016-03-29,165491572401.0,2.5581,23.7775,0.053688,0.042057
2016-03-28,2016-03-28,164004626493.0,2.5351,23.5639,0.054175,0.042438
2016-03-24,2016-03-24,165656788614.0,2.5606,23.8013,0.053635,0.042015
2016-03-23,2016-03-23,166262581391.0,2.57,23.8883,0.053439,0.041861
2016-03-22,2016-03-22,167308950734.0,2.5862,24.0386,0.053105,0.0416
2016-03-21,2016-03-21,165601716543.0,2.5598,23.7934,0.053652,0.042029
2016-03-18,2016-03-18,162187248161.0,2.507,23.3028,0.054782,0.042913
2016-03-17,2016-03-17,161581455383.0,2.4976,23.2157,0.054987,0.043074
2016-03-16,2016-03-16,159929293263.0,2.4721,22.9783,0.055555,0.043519
2016-03-15,2016-03-15,162682896797.0,2.5147,23.374,0.054615,0.042783
2016-03-14,2016-03-14,165766932755.0,2.5623,23.8171,0.053599,0.041987
2016-03-11,2016-03-11,167969815582.0,2.5964,24.1336,0.052896,0.041436
2016-03-10,2016-03-10,162958257150.0,2.5189,23.4135,0.054523,0.04271
2016-03-09,2016-03-09,163784338210.0,2.5317,23.5322,0.054248,0.042495
2016-03-08,2016-03-08,161691599524.0,2.4993,23.2316,0.05495,0.043045
2016-03-07,2016-03-07,164059698564.0,2.5359,23.5718,0.054157,0.042424
2016-03-04,2016-03-04,163619121998.0,2.5291,23.5085,0.054303,0.042538
2016-03-03,2016-03-03,164610419271.0,2.5444,23.6509,0.053976,0.042282
2016-03-02,2016-03-02,165106067907.0,2.5521,23.7221,0.053814,0.042155
2016-03-01,2016-03-01,165436500331.0,2.5572,23.7696,0.053706,0.042071
2016-02-29,2016-02-29,163398833716.0,2.5257,23.4768,0.054376,0.042595
2016-02-26,2016-02-26,166482869674.0,2.5734,23.92,0.053368,0.041806
2016-02-25,2016-02-25,168465464218.0,2.604,24.2048,0.05274,0.041314
2016-02-24,2016-02-24,165326356189.0,2.5555,23.7538,0.053742,0.042099
2016-02-23,2016-02-23,164995923765.0,2.5504,23.7063,0.053849,0.042183
2016-02-22,2016-02-22,165491572401.0,2.5581,23.7775,0.053688,0.042057
2016-02-19,2016-02-19,162407536443.0,2.5104,23.3344,0.054708,0.042855
2016-02-18,2016-02-18,162737968867.0,2.5155,23.3819,0.054597,0.042768
2016-02-17,2016-02-17,163178545433.0,2.5223,23.4452,0.054449,0.042653
2016-02-16,2016-02-16,164169842705.0,2.5376,23.5876,0.05412,0.042395
2016-02-12,2016-02-12,161691599524.0,2.4993,23.2316,0.05495,0.043045
2016-02-11,2016-02-11,160424941899.0,2.4797,23.0496,0.055384,0.043385
2016-02-10,2016-02-10,162407536443.0,2.5104,23.3344,0.054708,0.042855
2016-02-09,2016-02-09,160259725687.0,2.4772,23.0258,0.055441,0.04343
2016-02-08,2016-02-08,157285833870.0,2.4312,22.5985,0.056489,0.044251
2016-02-05,2016-02-05,159874221192.0,2.4712,22.9704,0.055575,0.043534
2016-02-04,2016-02-04,159709004980.0,2.4687,22.9467,0.055632,0.043579
2016-02-03,2016-02-03,163398833716.0,2.5257,23.4768,0.054376,0.042595
2016-02-02,2016-02-02,164335058917.0,2.5402,23.6114,0.052543,0.042352
2016-02-01,2016-02-01,164498630641.0,2.5427,23.6349,0.052491,0.04231
2016-01-29,2016-01-29,166243395700.0,2.5697,23.8855,0.05194,0.041866
2016-01-28,2016-01-28,164662202366.0,2.5452,23.6584,0.052439,0.042268
2016-01-27,2016-01-27,166406967424.0,2.5722,23.909,0.051889,0.041825
2016-01-26,2016-01-26,167224826045.0,2.5849,24.0266,0.051635,0.041621
2016-01-25,2016-01-25,166297919608.0,2.5705,23.8934,0.051923,0.041853
2016-01-22,2016-01-22,167442921677.0,2.5882,24.0579,0.051568,0.041566
2016-01-21,2016-01-21,166734110872.0,2.5773,23.9561,0.051787,0.041743
2016-01-20,2016-01-20,167170302137.0,2.584,24.0187,0.051652,0.041634
2016-01-19,2016-01-19,167333873861.0,2.5865,24.0422,0.051601,0.041593
2016-01-15,2016-01-15,167988160758.0,2.5967,24.1362,0.0514,0.041431
2016-01-14,2016-01-14,169623878000.0,2.6219,24.3712,0.050905,0.041032
2016-01-13,2016-01-13,165589108803.0,2.5596,23.7915,0.052145,0.042032
2016-01-12,2016-01-12,169024115011.0,2.6127,24.2851,0.051085,0.041178
2016-01-11,2016-01-11,169405782367.0,2.6186,24.3399,0.05097,0.041085
2016-01-08,2016-01-08,169024115011.0,2.6127,24.2851,0.051085,0.041178
2016-01-07,2016-01-07,171205071334.0,2.6464,24.5984,0.050435,0.040653
2016-01-06,2016-01-06,172350073403.0,2.6641,24.7629,0.0501,0.040383
2016-01-05,2016-01-05,175457936163.0,2.7121,25.2095,0.049212,0.039668
2016-01-04,2016-01-04,174203886277.0,2.6927,25.0293,0.049566,0.039953
2015-12-31,2015-12-31,176003175244.0,2.7205,25.2878,0.04906,0.039545
2015-12-30,2015-12-30,178166259018.0,2.6667,21.3118,0.048356,0.046922
2015-12-29,2015-12-29,178601474307.0,2.6732,21.3638,0.048238,0.046808
2015-12-28,2015-12-28,176370995950.0,2.6398,21.097,0.048848,0.0474
2015-12-24,2015-12-24,177459034173.0,2.6561,21.2272,0.048548,0.047109
2015-12-23,2015-12-23,177132622706.0,2.6512,21.1881,0.048638,0.047196
2015-12-22,2015-12-22,176915015062.0,2.648,21.1621,0.048698,0.047254
2015-12-21,2015-12-21,176588603595.0,2.6431,21.123,0.048788,0.047342
2015-12-18,2015-12-18,174031713771.0,2.6048,20.8172,0.049504,0.048037
2015-12-17,2015-12-17,175881378750.0,2.6325,21.0384,0.048984,0.047532
2015-12-16,2015-12-16,177241426528.0,2.6528,21.2011,0.048608,0.047167
2015-12-15,2015-12-15,175500565372.0,2.6268,20.9929,0.04909,0.047635
2015-12-14,2015-12-14,175065350082.0,2.6203,20.9408,0.049212,0.047754
2015-12-11,2015-12-11,174412527149.0,2.6105,20.8627,0.049396,0.047932
2015-12-10,2015-12-10,176044584483.0,2.6349,21.058,0.048938,0.047488
2015-12-09,2015-12-09,175663771105.0,2.6292,21.0124,0.049044,0.047591
2015-12-08,2015-12-08,176969416973.0,2.6488,21.1686,0.048683,0.04724
2015-12-07,2015-12-07,177676641818.0,2.6594,21.2532,0.048489,0.047052
2015-12-04,2015-12-04,178438268574.0,2.6708,21.3443,0.048282,0.046851
2015-12-03,2015-12-03,176207790217.0,2.6374,21.0775,0.048893,0.047444
2015-12-02,2015-12-02,178982287685.0,2.6789,21.4094,0.048135,0.046709
2015-12-01,2015-12-01,182899225288.0,2.7375,21.8779,0.047104,0.045708
2015-11-30,2015-11-30,178275062840.0,2.6683,21.3248,0.048326,0.046894
2015-11-27,2015-11-27,178383866663.0,2.6699,21.3378,0.048297,0.046865
2015-11-25,2015-11-25,178819081952.0,2.6765,21.3898,0.048179,0.046751
2015-11-24,2015-11-24,173922909948.0,2.6032,20.8042,0.049535,0.048067
2015-11-23,2015-11-23,170441187635.0,2.5511,20.3877,0.050547,0.049049
2015-11-20,2015-11-20,175065350082.0,2.6203,20.9408,0.049212,0.047754
2015-11-19,2015-11-19,175663771105.0,2.6292,21.0124,0.049044,0.047591
2015-11-18,2015-11-18,181212766042.0,2.7123,21.6762,0.047543,0.046134
2015-11-17,2015-11-17,178819081952.0,2.6765,21.3898,0.048179,0.046751
2015-11-16,2015-11-16,180396737375.0,2.7001,21.5786,0.047758,0.046342
2015-11-13,2015-11-13,180995158398.0,2.709,21.6501,0.0476,0.046189
2015-11-12,2015-11-12,181647981332.0,2.7188,21.7282,0.047429,0.046023
2015-11-11,2015-11-11,183552048222.0,2.7473,21.956,0.046937,0.045546
2015-11-10,2015-11-10,183824057778.0,2.7514,21.9885,0.046867,0.045478
2015-11-09,2015-11-09,183062431022.0,2.74,21.8974,0.047062,0.045667
2015-11-06,2015-11-06,184585684534.0,2.7628,22.0796,0.046674,0.045291
2015-11-05,2015-11-05,185782526579.0,2.7807,22.2228,0.046373,0.044999
2015-11-04,2015-11-04,185728124668.0,2.7799,22.2163,0.046387,0.045012
2015-11-03,2015-11-03,188720229781.0,2.8246,22.5742,0.036389,0.044298
2015-11-02,2015-11-02,189205926684.0,2.8319,22.6323,0.036295,0.044185
2015-10-30,2015-10-30,182514102694.0,2.7318,21.8318,0.037626,0.045805
2015-10-29,2015-10-29,187640903331.0,2.8085,22.4451,0.036598,0.044553
2015-10-28,2015-10-28,191310613261.0,2.8634,22.884,0.035896,0.043699
2015-10-27,2015-10-27,188828162426.0,2.8263,22.5871,0.036368,0.044273
2015-10-26,2015-10-26,184348957659.0,2.7592,22.0513,0.037252,0.045349
2015-10-23,2015-10-23,183755328111.0,2.7503,21.9803,0.037372,0.045495
2015-10-22,2015-10-22,179869752891.0,2.6922,21.5155,0.038179,0.046478
2015-10-21,2015-10-21,180571315084.0,2.7027,21.5994,0.038031,0.046297
2015-10-20,2015-10-20,183485496499.0,2.7463,21.948,0.037427,0.045562
2015-10-19,2015-10-19,186183812624.0,2.7867,22.2708,0.036885,0.044902
2015-10-16,2015-10-16,185698115721.0,2.7794,22.2127,0.036981,0.045019
2015-10-15,2015-10-15,183917227079.0,2.7528,21.9997,0.037339,0.045455
2015-10-14,2015-10-14,178304729539.0,2.6688,21.3283,0.038514,0.046886
2015-10-13,2015-10-13,177980931604.0,2.6639,21.2896,0.038584,0.046971
2015-10-12,2015-10-12,179276123344.0,2.6833,21.4445,0.038306,0.046632
2015-10-09,2015-10-09,179384055989.0,2.6849,21.4574,0.038283,0.046604
2015-10-08,2015-10-08,178574561151.0,2.6728,21.3606,0.038456,0.046815
2015-10-07,2015-10-07,179653887601.0,2.6889,21.4897,0.038225,0.046534
2015-10-06,2015-10-06,176955571476.0,2.6486,21.1669,0.038808,0.047243
2015-10-05,2015-10-05,180679247729.0,2.7043,21.6124,0.038008,0.04627
2015-10-02,2015-10-02,178520594829.0,2.672,21.3541,0.038468,0.046829
2015-10-01,2015-10-01,171828770839.0,2.5718,20.5537,0.039966,0.048653
2015-09-30,2015-09-30,169508218971.0,2.5371,20.2761,0.040513,0.049319
2015-09-29,2015-09-29,167403532394.0,2.5056,20.0243,0.041022,0.049939
2015-09-28,2015-09-28,166324205944.0,2.4894,19.8952,0.041289,0.050263
2015-09-25,2015-09-25,172098602451.0,2.5738,19.3456,0.039903,0.051691
2015-09-24,2015-09-24,176469874574.0,2.6392,19.837,0.038915,0.050411
2015-09-23,2015-09-23,176038143994.0,2.6327,19.7885,0.03901,0.050535
2015-09-22,2015-09-22,174095356384.0,2.6036,19.5701,0.039446,0.051098
2015-09-21,2015-09-21,174958817544.0,2.6166,19.6671,0.039251,0.050846
2015-09-18,2015-09-18,177279369411.0,2.6513,19.928,0.038737,0.050181
2015-09-17,2015-09-17,180679247729.0,2.7021,20.3102,0.038008,0.049236
2015-09-16,2015-09-16,179060258054.0,2.6779,20.1282,0.038352,0.049682
2015-09-15,2015-09-15,179006291731.0,2.6771,20.1221,0.038363,0.049697
2015-09-14,2015-09-14,176523840896.0,2.64,19.8431,0.038903,0.050395
2015-09-11,2015-09-11,177926965281.0,2.6609,20.0008,0.038596,0.049998
2015-09-10,2015-09-10,176038143994.0,2.6327,19.7885,0.03901,0.050535
2015-09-09,2015-09-09,172476366709.0,2.5794,19.3881,0.039816,0.051578
2015-09-08,2015-09-08,175552447091.0,2.6254,19.7339,0.039118,0.050674
2015-09-04,2015-09-04,169292353681.0,2.5318,19.0302,0.040565,0.052548
2015-09-03,2015-09-03,172098602451.0,2.5738,19.3456,0.039903,0.051691
2015-09-02,2015-09-02,172530333031.0,2.5802,19.3941,0.039803,0.051562
2015-09-01,2015-09-01,169238387359.0,2.531,19.0241,0.040578,0.052565
2015-08-31,2015-08-31,173879491094.0,2.6004,19.5458,0.039495,0.051162
2015-08-28,2015-08-28,176254009284.0,2.6359,19.8127,0.038963,0.050473
2015-08-27,2015-08-27,179491988634.0,2.6844,20.1767,0.03826,0.049562
2015-08-26,2015-08-26,175012783866.0,2.6174,19.6732,0.039239,0.050831
2015-08-25,2015-08-25,169130454714.0,2.5294,19.012,0.040604,0.052598
2015-08-24,2015-08-24,173393794191.0,2.5932,19.4912,0.039605,0.051305
2015-08-21,2015-08-21,181003045664.0,2.707,20.3466,0.03794,0.049148
2015-08-20,2015-08-20,186453644236.0,2.7885,20.9593,0.036831,0.047712
2015-08-19,2015-08-19,190339219456.0,2.8466,21.396,0.036079,0.046738
2015-08-18,2015-08-18,191688377519.0,2.8668,21.5477,0.035825,0.046409
2015-08-17,2015-08-17,191580444874.0,2.8651,21.5356,0.035846,0.046435
2015-08-14,2015-08-14,190609051069.0,2.8506,21.4264,0.036028,0.046671
2015-08-13,2015-08-13,190824916359.0,2.8538,21.4506,0.035987,0.046619
2015-08-12,2015-08-12,190878882681.0,2.8546,21.4567,0.035977,0.046605
2015-08-11,2015-08-11,189529724619.0,2.8345,21.305,0.036233,0.046937
2015-08-10,2015-08-10,190824916359.0,2.8538,21.4506,0.035987,0.046619
2015-08-07,2015-08-07,189907488876.0,2.8401,21.3475,0.036161,0.046844
2015-08-06,2015-08-06,189799556231.0,2.8385,21.3354,0.036182,0.04687
2015-08-05,2015-08-05,193307367194.0,2.891,21.7297,0.035525,0.04602
2015-08-04,2015-08-04,193361333516.0,2.8918,21.7358,0.043264,0.046007
2015-08-03,2015-08-03,193575524968.0,2.895,21.7598,0.043216,0.045956
2015-07-31,2015-07-31,193093594201.0,2.8878,21.7057,0.043324,0.046071
2015-07-30,2015-07-30,191326514720.0,2.8613,21.507,0.043724,0.046496
2015-07-29,2015-07-29,191487158309.0,2.8637,21.5251,0.043688,0.046457
2015-07-28,2015-07-28,189291695924.0,2.8309,21.2783,0.044194,0.046996
2015-07-27,2015-07-27,183883361754.0,2.75,20.6703,0.045494,0.048378
2015-07-24,2015-07-24,183454978850.0,2.7436,20.6222,0.0456,0.048491
2015-07-23,2015-07-23,186239467729.0,2.7853,20.9352,0.044919,0.047766
2015-07-22,2015-07-22,186774946360.0,2.7933,20.9954,0.04479,0.04763
2015-07-21,2015-07-21,188167190799.0,2.8141,21.1519,0.044458,0.047277
2015-07-20,2015-07-20,188702669430.0,2.8221,21.2121,0.044332,0.047143
2015-07-17,2015-07-17,187792355758.0,2.8085,21.1098,0.044547,0.047371
2015-07-16,2015-07-16,187952999347.0,2.8109,21.1278,0.044509,0.047331
2015-07-15,2015-07-15,187310424990.0,2.8013,21.0556,0.044662,0.047493
2015-07-14,2015-07-14,187845903621.0,2.8093,21.1158,0.044534,0.047358
2015-07-13,2015-07-13,186453659181.0,2.7885,20.9593,0.044867,0.047712
2015-07-10,2015-07-10,183990457480.0,2.7516,20.6824,0.045468,0.04835
2015-07-09,2015-07-09,181313064327.0,2.7116,20.3814,0.046139,0.049064
2015-07-08,2015-07-08,179117601942.0,2.6788,20.1346,0.046705,0.049666
2015-07-07,2015-07-07,180616942107.0,2.7012,20.3032,0.046317,0.049253
2015-07-06,2015-07-06,178046644681.0,2.6627,20.0142,0.046986,0.049964
2015-07-02,2015-07-02,178689219037.0,2.6723,20.0865,0.046817,0.049785
2015-07-01,2015-07-01,180402750655.0,2.698,20.2791,0.046372,0.049312
2015-06-30,2015-06-30,179545984846.0,2.6852,20.1828,0.046593,0.049547
2015-06-29,2015-06-29,179867272025.0,2.69,20.2189,0.04651,0.049459
2015-06-26,2015-06-26,183059961505.0,2.721,19.9368,0.046057,0.050158
2015-06-25,2015-06-25,183599642995.0,2.7291,19.9956,0.045922,0.050011
2015-06-24,2015-06-24,184732974125.0,2.7459,20.119,0.04564,0.049704
2015-06-23,2015-06-23,186190114148.0,2.7676,20.2777,0.045283,0.049315
2015-06-22,2015-06-22,185164719317.0,2.7523,20.1661,0.045534,0.049588
2015-06-19,2015-06-19,184463133379.0,2.7419,20.0896,0.045707,0.049777
2015-06-18,2015-06-18,185488528211.0,2.7571,20.2013,0.045454,0.049502
2015-06-17,2015-06-17,183383770399.0,2.7258,19.9721,0.045976,0.05007
2015-06-16,2015-06-16,183707579293.0,2.7307,20.0074,0.045895,0.049982
2015-06-15,2015-06-15,183707579293.0,2.7307,20.0074,0.045895,0.049982
2015-06-12,2015-06-12,184625037826.0,2.7443,20.1073,0.045667,0.049733
2015-06-11,2015-06-11,185974241552.0,2.7643,20.2542,0.045336,0.049372
2015-06-10,2015-06-10,185164719317.0,2.7523,20.1661,0.045534,0.049588
2015-06-09,2015-06-09,183545674846.0,2.7282,19.9897,0.045936,0.050026
2015-06-08,2015-06-08,183383770399.0,2.7258,19.9721,0.045976,0.05007
2015-06-05,2015-06-05,183977420038.0,2.7347,20.0367,0.045828,0.049908
2015-06-04,2015-06-04,184786942274.0,2.7467,20.1249,0.045627,0.04969
2015-06-03,2015-06-03,185704400807.0,2.7603,20.2248,0.045402,0.049444
2015-06-02,2015-06-02,186136145999.0,2.7668,20.2719,0.045296,0.049329
2015-06-01,2015-06-01,186513923042.0,2.7724,20.313,0.045205,0.04923
2015-05-29,2015-05-29,187539317874.0,2.7876,20.4247,0.044957,0.04896
2015-05-28,2015-05-28,185866305254.0,2.7627,20.2425,0.045362,0.049401
2015-05-27,2015-05-27,185110751168.0,2.7515,20.1602,0.045547,0.049603
2015-05-26,2015-05-26,184085356336.0,2.7363,20.0485,0.045801,0.049879
2015-05-22,2015-05-22,185002814870.0,2.7499,20.1484,0.045574,0.049632
2015-05-21,2015-05-21,185434560062.0,2.7563,20.1954,0.045468,0.049516
2015-05-20,2015-05-20,185110751168.0,2.7515,20.1602,0.045547,0.049603
2015-05-19,2015-05-19,184625037826.0,2.7443,20.1073,0.045667,0.049733
2015-05-18,2015-05-18,183383770399.0,2.7258,19.9721,0.045976,0.05007
2015-05-15,2015-05-15,183437738548.0,2.7266,19.978,0.045963,0.050055
2015-05-14,2015-05-14,183167897803.0,2.7226,19.9486,0.04603,0.050129
2015-05-13,2015-05-13,180955203693.0,2.6897,19.7076,0.046593,0.050742
2015-05-12,2015-05-12,182304407418.0,2.7098,19.8545,0.046248,0.050366
2015-05-11,2015-05-11,183275834101.0,2.7242,19.9603,0.046003,0.050099
2015-05-08,2015-05-08,183599642995.0,2.7291,19.9956,0.045922,0.050011
2015-05-07,2015-05-07,181225044438.0,2.6938,19.737,0.046524,0.050666
2015-05-06,2015-05-06,180577426649.0,2.6841,19.6665,0.046691,0.050848
2015-05-05,2015-05-05,182628216312.0,2.7146,19.8898,0.045477,0.050277
2015-05-04,2015-05-04,183698721684.0,2.7305,20.0064,0.045212,0.049984
2015-05-01,2015-05-01,182414115238.0,2.7114,19.8665,0.045531,0.050336
2015-04-30,2015-04-30,181611236210.0,2.6995,19.779,0.045732,0.050559
2015-04-29,2015-04-29,183538145878.0,2.7281,19.9889,0.045252,0.050028
2015-04-28,2015-04-28,184555125980.0,2.7433,20.0997,0.045002,0.049752
2015-04-27,2015-04-27,185143903935.0,2.752,20.1638,0.044859,0.049594
2015-04-24,2015-04-24,188783622196.0,2.8061,20.5602,0.043994,0.048638
2015-04-23,2015-04-23,189265349613.0,2.8133,20.6126,0.043883,0.048514
2015-04-22,2015-04-22,186963763065.0,2.7791,20.362,0.044423,0.049111
2015-04-21,2015-04-21,186749661991.0,2.7759,20.3387,0.044474,0.049167
2015-04-20,2015-04-20,187391965214.0,2.7854,20.4086,0.044321,0.048999
2015-04-17,2015-04-17,187552541020.0,2.7878,20.4261,0.044283,0.048957
2015-04-16,2015-04-16,188355420048.0,2.7997,20.5136,0.044095,0.048748
2015-04-15,2015-04-15,188462470585.0,2.8013,20.5252,0.044069,0.048721
2015-04-14,2015-04-14,187499015751.0,2.787,20.4203,0.044296,0.048971
2015-04-13,2015-04-13,187820167362.0,2.7918,20.4553,0.04422,0.048887
2015-04-10,2015-04-10,189693551762.0,2.8196,20.6593,0.043783,0.048404
2015-04-09,2015-04-09,187499015751.0,2.787,20.4203,0.044296,0.048971
2015-04-08,2015-04-08,185411530277.0,2.756,20.1929,0.044795,0.049522
2015-04-07,2015-04-07,184876277592.0,2.748,20.1346,0.044924,0.049666
2015-04-06,2015-04-06,184555125980.0,2.7433,20.0997,0.045002,0.049752
2015-04-02,2015-04-02,184019873295.0,2.7353,20.0414,0.045133,0.049897
2015-04-01,2015-04-01,183752246952.0,2.7313,20.0122,0.045199,0.049969
2015-03-31,2015-03-31,186214409306.0,2.7679,20.2804,0.044601,0.049309
2015-03-30,2015-03-30,187338439945.0,2.7846,20.4028,0.044334,0.049013
2015-03-27,2015-03-27,188700152722.0,2.6476,20.6568,0.044937,0.04841
2015-03-26,2015-03-26,186678170199.0,2.6193,20.4355,0.045424,0.048934
2015-03-25,2015-03-25,187443244667.0,2.63,20.5192,0.045239,0.048735
2015-03-24,2015-03-24,188645504545.0,2.6469,20.6508,0.04495,0.048424
2015-03-23,2015-03-23,191541857889.0,2.6875,20.9679,0.044271,0.047692
2015-03-20,2015-03-20,187170003786.0,2.6262,20.4893,0.045305,0.048806
2015-03-19,2015-03-19,186623522023.0,2.6185,20.4295,0.045437,0.048949
2015-03-18,2015-03-18,187880430077.0,2.6361,20.5671,0.045133,0.048621
2015-03-17,2015-03-17,186732818375.0,2.62,20.4415,0.045411,0.04892
2015-03-16,2015-03-16,188208319135.0,2.6407,20.603,0.045055,0.048537
2015-03-13,2015-03-13,185803799378.0,2.607,20.3398,0.045638,0.049165
2015-03-12,2015-03-12,185803799378.0,2.607,20.3398,0.045638,0.049165
2015-03-11,2015-03-11,183781816856.0,2.5786,20.1184,0.04614,0.049706
2015-03-10,2015-03-10,184601539500.0,2.5901,20.2082,0.045935,0.049485
2015-03-09,2015-03-09,185967743907.0,2.6093,20.3577,0.045598,0.049121
2015-03-06,2015-03-06,185639854850.0,2.6047,20.3218,0.045678,0.049208
2015-03-05,2015-03-05,188372263664.0,2.643,20.6209,0.045016,0.048494
2015-03-04,2015-03-04,189301282661.0,2.6561,20.7226,0.044795,0.048256
2015-03-03,2015-03-03,188864097250.0,2.6499,20.6748,0.044898,0.048368
2015-03-02,2015-03-02,190011708953.0,2.666,20.8004,0.044627,0.048076
2015-02-27,2015-02-27,187552541020.0,2.6315,20.5312,0.045212,0.048706
2015-02-26,2015-02-26,189028041779.0,2.6522,20.6927,0.044859,0.048326
2015-02-25,2015-02-25,189410579013.0,2.6576,20.7346,0.044769,0.048229
2015-02-24,2015-02-24,187661837372.0,2.6331,20.5432,0.045186,0.048678
2015-02-23,2015-02-23,187935078254.0,2.6369,20.5731,0.04512,0.048607
2015-02-20,2015-02-20,188864097250.0,2.6499,20.6748,0.044898,0.048368
2015-02-19,2015-02-19,188044374606.0,2.6384,20.585,0.045094,0.048579
2015-02-18,2015-02-18,188426911840.0,2.6438,20.6269,0.045002,0.04848
2015-02-17,2015-02-17,188973393603.0,2.6515,20.6867,0.044872,0.04834
2015-02-13,2015-02-13,189301282661.0,2.6561,20.7226,0.044795,0.048256
2015-02-12,2015-02-12,190558190715.0,2.6737,20.8602,0.044499,0.047938
2015-02-11,2015-02-11,187170003786.0,2.6262,20.4893,0.045305,0.048806
2015-02-10,2015-02-10,186623522023.0,2.6185,20.4295,0.045437,0.048949
2015-02-09,2015-02-09,180721518984.0,2.5357,19.7834,0.046921,0.050547
2015-02-06,2015-02-06,181268000746.0,2.5434,19.8432,0.04678,0.050395
2015-02-05,2015-02-05,180284333573.0,2.5296,19.7356,0.047035,0.05067
2015-02-04,2015-02-04,175256701355.0,2.459,19.1852,0.048384,0.052124
2015-02-03,2015-02-03,173453311537.0,2.4337,18.9878,0.047406,0.052665
2015-02-02,2015-02-02,171449010311.0,2.4056,18.7684,0.04796,0.053281
2015-01-30,2015-01-30,169282198174.0,2.3752,18.5312,0.048574,0.053963
2015-01-29,2015-01-29,172424075772.0,2.4193,18.8751,0.047689,0.05298
2015-01-28,2015-01-28,173074119413.0,2.4284,18.9463,0.04751,0.052781
2015-01-27,2015-01-27,176595189135.0,2.4778,19.3317,0.046563,0.051728
2015-01-26,2015-01-26,177678595204.0,2.493,19.4503,0.046279,0.051413
2015-01-23,2015-01-23,175782634584.0,2.4664,19.2428,0.046778,0.051968
2015-01-22,2015-01-22,177732765507.0,2.4938,19.4562,0.046265,0.051397
2015-01-21,2015-01-21,176811870349.0,2.4808,19.3554,0.046505,0.051665
2015-01-20,2015-01-20,179303704306.0,2.5158,19.6282,0.045859,0.050947
2015-01-16,2015-01-16,177678595204.0,2.493,19.4503,0.046279,0.051413
2015-01-15,2015-01-15,175511783067.0,2.4626,19.2131,0.04685,0.052048
2015-01-14,2015-01-14,175945145494.0,2.4687,19.2606,0.046735,0.05192
2015-01-13,2015-01-13,175728464281.0,2.4656,19.2368,0.046792,0.051984
2015-01-12,2015-01-12,177516084294.0,2.4907,19.4325,0.046321,0.05146
2015-01-09,2015-01-09,176866040653.0,2.4816,19.3614,0.046491,0.051649
2015-01-08,2015-01-08,176053486101.0,2.4702,19.2724,0.046706,0.051888
2015-01-07,2015-01-07,172532416379.0,2.4208,18.887,0.047659,0.052947
2015-01-06,2015-01-06,170203093332.0,2.3881,18.632,0.048311,0.053671
2015-01-05,2015-01-05,168794665444.0,2.3683,18.4778,0.048714,0.054119
2015-01-02,2015-01-02,169715560602.0,2.3813,18.5786,0.04845,0.053825
2014-12-31,2014-12-31,168740495140.0,,,,
2014-12-30,2014-12-30,169430728019.0,,,,
2014-12-29,2014-12-29,169484721241.0,,,,
2014-12-26,2014-12-26,170888544991.0,,,,
2014-12-24,2014-12-24,169646700904.0,,,,
2014-12-23,2014-12-23,169808680567.0,,,,
2014-12-22,2014-12-22,173264246722.0,,,,
2014-12-19,2014-12-19,172454348405.0,,,,
2014-12-18,2014-12-18,172616328068.0,,,,
2014-12-17,2014-12-17,168026904269.0,,,,
2014-12-16,2014-12-16,165597209317.0,,,,
2014-12-15,2014-12-15,166623080519.0,,,,
2014-12-12,2014-12-12,167109019509.0,,,,
2014-12-11,2014-12-11,170888544991.0,,,,
2014-12-10,2014-12-10,172022402635.0,,,,
2014-12-09,2014-12-09,172508341626.0,,,,
2014-12-08,2014-12-08,172616328068.0,,,,
2014-12-05,2014-12-05,172724314510.0,,,,
2014-12-04,2014-12-04,170996531433.0,,,,
2014-12-03,2014-12-03,171428477202.0,,,,
2014-12-02,2014-12-02,170456599221.0,,,,
2014-12-01,2014-12-01,168782809365.0,,,,
2014-11-28,2014-11-28,168188883933.0,,,,
2014-11-26,2014-11-26,167918917827.0,,,,
2014-11-25,2014-11-25,164517344893.0,,,,
2014-11-24,2014-11-24,163167514364.0,,,,
2014-11-21,2014-11-21,164409358451.0,,,,
2014-11-20,2014-11-20,164355365230.0,,,,
2014-11-19,2014-11-19,164355365230.0,,,,
2014-11-18,2014-11-18,165165263547.0,,,,
2014-11-17,2014-11-17,163707446576.0,,,,
2014-11-14,2014-11-14,163815433018.0,,,,
2014-11-13,2014-11-13,164247378787.0,,,,
2014-11-12,2014-11-12,164247378787.0,,,,
2014-11-11,2014-11-11,163707446576.0,,,,
2014-11-10,2014-11-10,163059527922.0,,,,
2014-11-07,2014-11-07,161547717729.0,,,,
2014-11-06,2014-11-06,162195636383.0,,,,
2014-11-05,2014-11-05,162195636383.0,,,,
2014-11-04,2014-11-04,162087649941.0,,,,
2014-11-03,2014-11-03,161605883478.0,,,,
2014-10-31,2014-10-31,160321172910.0,,,,
2014-10-30,2014-10-30,159732347234.0,,,,
